test_id,test_name,matched_id,matched_name,score,is_correct
44038,COMPANYMACHINESTOCKOPENBUILDINGPLANTJOINTARSENAL,44038,ARSENAL MACHINE BUILDING PLANT OPEN JOINT STOCK COMPANY,100.0,1
46040,ROSKAPSTROYWATERLIABILITYLIMITEDCLEANCOMPANY,46040,LIMITED LIABILITY COMPANY ROSKAPSTROY CLEAN WATER,91.0891089108911,1
10622,SANCHEZHectorBELTRANManuel,10622,"BELTRAN SANCHEZ, Hector Manuel",91.52542372881356,1
49794,SUMINISTROSDECVOCEANOSSACOMBUSTIBLES,49794,"SUMINISTROS COMBUSTIBLES OCEANOS, S.A. DE C.V.",68.23529411764706,0
8192,ALTIKRITISaddamRaghadHussein,7843,"AL-TIKRITI, Saddam Hussein",88.0,0
44459,FURAHAPVTCONSTRUCTIONLTD,44459,FURAHA CONSTRUCTION PVT LTD,89.28571428571429,1
16990,CPCLSINVERSIONESYCIAENCS,16990,INVERSIONES C.P.C.L. Y CIA. S. EN C.S.,79.16666666666666,1
7858,JalilTahirHabbushALTIKRITI,7673,"DALIPI, Tahir",68.57142857142857,0
42097,MANAGEMENTMETALLOINVESTLLCCOMPANY,42097,MANAGEMENT COMPANY METALLOINVEST LLC,78.78787878787878,1
46522,JOINTCOMPANYINSTITUTEELPASTOCKPILOTLINERESEARCHAND,46522,ELPA RESEARCH INSTITUTE AND PILOT LINE JOINT STOCK COMPANY,95.72649572649573,1
48710,TRANSGULFLLCAGENCY,48710,TRANS GULF AGENCY LLC,100.0,1
27591,TRADINGLIMITEDGENERALALCARDINAL,27591,ALCARDINAL GENERAL TRADING LIMITED,98.55072463768117,1
47847,GEOPROMAININGLIABILITYMENKECHELIMITEDVERKHNECOMPANY,16319,CEC LIMITED,81.0,0
49341,LIMITEDTAKIMLARVESANAYITICARETMINYONKESICIMAKINESIRKETI,8404,T.E.G. LIMITED,74.11764705882352,0
11246,AMERICANDESATUNECVUP,11246,"AMERICAN TUNE UP, S.A. DE C.V.",97.95918367346938,1
47475,CLOSEDSTOCKJOINTSERVICESSPECIALCOMPANYTRANSPORTATION,47475,CLOSED JOINT STOCK COMPANY SPECIAL TRANSPORTATION SERVICES,100.0,1
52127,ORENBURGLIMITEDLIABILITYCOMPANYGAZPROMNEFT,52127,GAZPROMNEFT ORENBURG LIMITED LIABILITY COMPANY,89.36170212765957,1
25078,JorgeGOMEZRODRIGUEZJesus,25078,"RODRIGUEZ GOMEZ, Jorge Jesus",100.0,1
42942,NIGHTSBEIJINGSHINYCOTECHNOLOGYLTDDEVELOPMENT,42942,"BEIJING SHINY NIGHTS TECHNOLOGY DEVELOPMENT CO., LTD",100.0,1
49268,RUSMEDTORGOBSHCHESTVOOGRANICHENNOIOTVETSTVENNOSTYUS,45868,OBSHCHESTVO S OGRANICHENNOI OTVETSTVENNOSTYU SFT,86.31578947368422,0
45971,COMPANYLIABILITYLIMITEDPRIMELEX,45971,LIMITED LIABILITY COMPANY LEX PRIME,100.0,1
41277,DEVICESTRADINGHULMELECTRICSAHRAAL,41277,HULM AL SAHRA ELECTRIC DEVICES TRADING,84.61538461538461,1
21387,TURABAbuAliMuhammad,22113,"'ALI, Muhammad",90.0,0
10596,GENERALTRADINGFMFLLC,10596,FMF GENERAL TRADING LLC,93.61702127659575,1
47294,COMPANYLIMITEDLIABILITYEXIMALABUGA,49437,LIMITED LIABILITY COMPANY ELGA MARINE,82.05128205128204,0
35012,LIMITEDCOMPANYNERODRINKS,35012,NERO DRINKS COMPANY LIMITED,100.0,1
51206,WAREHOUSEFORESSLIMITEDLIABILITYCOMPANY,51206,LIMITED LIABILITY COMPANY WAREHOUSE FORESS,91.76470588235294,1
46923,BHDARTASDNWAVE,46923,ARTA WAVE SDN BHD,74.28571428571429,0
48027,TSENTRCOMPANYLIMITEDLIABILITYINZHENERNOTEKHNOLOGICHESKIATM,48027,LIMITED LIABILITY COMPANY INZHENERNO TEKHNOLOGICHESKI TSENTR ATM,77.58620689655173,1
47746,ISKRASTOCKMECHANICALPLANTCOMPANYJOINTNOVOSIBIRSK,47746,JOINT STOCK COMPANY NOVOSIBIRSK MECHANICAL PLANT ISKRA,100.0,1
50811,KOMPANIYAOBSHCHESTVOAKTSIONERNOESTALEPROMYSHLENNAYA,34017,"KO, Maung",69.23076923076923,0
49214,AFTERRESEARCHNAMEDPRODUCTIONPOPOVASSOCIATIONANDAS,49214,RESEARCH AND PRODUCTION ASSOCIATION NAMED AFTER AS POPOV,95.57522123893806,1
9401,SACHIHUAHUADECVFOODS,9401,CHIHUAHUA FOODS S.A. DE C.V.,81.63265306122449,1
29118,SHENLIMITEDCOYANGJINGIMPEXPMACHINERYCHENG,29118,"SHEN YANG JING CHENG MACHINERY IMP&EXP. CO., LIMITED",87.75510204081633,1
50243,COMPANYSTOCKJOINTOPENROGACHEVSKYDIAPROEKTORZAVOD,30412,DAY COMPANY,74.11764705882352,0
51768,STOCKCREDITCOMPANYJOINTBANKROYAL,51768,JOINT STOCK COMPANY ROYAL CREDIT BANK,100.0,1
30105,COMPANYLIMITEDSUPREMESHIPPING,30105,SUPREME SHIPPING COMPANY LIMITED,100.0,1
45741,SIRKETITASIMACILIKLIMITEDVEDISKUZEYLOGISTICSIHRACATTICARETITHALAT,48763,IPM LIMITED,72.0,0
52221,LIABILITYSISTEMALIMITEDITKCOMPANY,52221,LIMITED LIABILITY COMPANY ITK SISTEMA,98.66666666666667,1
19174,INMOBILIARIAJCORPM,19174,INMOBILIARIA J & M CORP,94.44444444444444,1
48507,VSRAMECCOMPANYJOINTSTOCK,48507,JOINT STOCK COMPANY RAMEC VS,91.22807017543859,1
31751,ALEJOSAdolfoCAMBARAGustavo,31751,"ALEJOS CAMBARA, Gustavo Adolfo",76.92307692307692,1
24786,QassimAliAHMEDAbdullah,24786,"AHMED, Qassim Abdullah Ali",100.0,1
23604,DRUGRINCONCASTILLOORGANIZATIONTRAFFICKING,23604,RINCON CASTILLO DRUG TRAFFICKING ORGANIZATION,94.5054945054945,1
49311,HIGHRUSSIANACADEMYELECTRONICSBRANCHCURRENTSIBERIANINSTITUTEOFSCIENCESOF,49311,INSTITUTE OF HIGH CURRENT ELECTRONICS SIBERIAN BRANCH RUSSIAN ACADEMY OF SCIENCES,100.0,1
10634,JuanCarlosOLIVASOJEDA,10634,"OLIVAS OJEDA, Juan Carlos",89.79591836734694,1
17228,COMPANYLOGISTICSASIANAVIATIONLIMITED,17228,ASIAN AVIATION LOGISTICS COMPANY LIMITED,100.0,1
51297,LIMITEDSHREYASCIENCESPRIVATELIFE,51297,SHREYA LIFE SCIENCES PRIVATE LIMITED,86.48648648648648,1
36676,OOOZOLOTOIKOMPANIYAVEK,49320,TIMKOM,75.00000000000001,0
50723,PALESTINESEILDIBENEFICASOLIDARIETAASSOCIAZIONECONPOPOLO,50723,ASSOCIAZIONE BENEFICA DI SOLIDARIETA CON IL POPOLO PALESTINESE,77.51937984496125,1
48441,CENTERCOMPLEXUNMANNEDLTDSOLUTIONS,48441,COMPLEX UNMANNED SOLUTIONS CENTER LTD,100.0,1
25958,TAKHTEHHONARBASHAHID,25958,TAKHTEH SHAHID BA HONAR,75.0,0
28047,TRYGRANDCOPHEAPLTDCAMBODIAROYAL,28047,"TRY PHEAP GRAND ROYAL CAMBODIA CO., LTD.",86.48648648648648,1
52250,SHIPPINGCOHONGKONGYAQINGLIMITED,52250,HONGKONG YAQING SHIPPING CO LIMITED,87.32394366197182,1
47956,COMPANYLIMITEDAURUSLIABILITY,44544,LIMITED LIABILITY COMPANY VERUS,92.06349206349206,0
46515,FEDERALSTATEENTERPRISEKAMENSKYCOMBINE,46515,FEDERAL STATE ENTERPRISE KAMENSKY COMBINE,100.0,1
15342,YCATERINGDESACVRENTASSOCIALIKA,33854,CHATEX,65.45454545454547,0
46034,ABZLLCRASTBELYI,27472,"LI, Yi",77.14285714285715,0
23308,RobertoRIVASREYESJose,23308,"RIVAS REYES, Roberto Jose",100.0,1
24563,SHORESALESCORTSERVICESOFFCAR,24563,CAR ESCORT SERVICES S.A.L. OFF SHORE,87.87878787878788,1
8332,NazarJumahALQASIRAli,27273,"QASIR, Ali",90.0,0
50003,LEPTONASSOCIATIONRESEARCHPRODUCTIONAND,50003,RESEARCH AND PRODUCTION ASSOCIATION LEPTON,100.0,1
16476,DARNAHANSARINALSHARIA,16364,ANSARU,75.00000000000001,0
27467,COPETROLEUMCHINALIMITEDCONCORD,27467,"CHINA CONCORD PETROLEUM CO., LIMITED",100.0,1
43441,SUITESLIMITEDLILYCOMPANY,43441,LILY SUITES COMPANY LIMITED,100.0,1
40571,REMONTNYYAKTSIONERNOYETSENTROBSHCHESTVOSEVEROVOSTOCHNYY,40571,AKTSIONERNOYE OBSHCHESTVO SEVERO-VOSTOCHNYY REMONTNYY TSENTR,72.72727272727273,0
45981,LIMITEDLIABILITYCOMPANYHOLDINGINFRASTRACTURE4,42022,LIMITED LIABILITY COMPANY DM,86.25000000000001,0
12186,GRUPOSACVZAVALADEHORTA,12186,GRUPO HORTA ZAVALA S.A. DE C.V.,96.2962962962963,1
9485,ALISLAMBULIMuhammadAhmadShawqi,9485,"AL-ISLAMBULI, Muhammad Ahmad Shawqi",100.0,1
43262,COMPANYSTOCK53ARSENALJOINT,43262,JOINT STOCK COMPANY 53 ARSENAL,100.0,1
52176,OBSHCHESTVOOTVETSTVENNOSTYUOGRANICHENNOIMTVS,31414,OBSHCHESTVO S OGRANICHENNOI OTVETSTVENNOSTYU NEOBIT,70.32967032967032,0
47642,AKTSIONERNOEOBSHCHESTVOAKONITURAL,47642,AKTSIONERNOE OBSHCHESTVO AKONIT URAL,100.0,1
49768,DEELJICAROBIOCOMBUSTIBLESCVSA,49768,"BIOCOMBUSTIBLES EL JICARO, S.A. DE C.V.",77.14285714285715,1
46809,EUROPEANTRADINGTECHNOLOGYBV,46809,EUROPEAN TRADING TECHNOLOGY B.V.,100.0,1
52582,SOEDINENIISTOCKCOMPANYZAVODJOINTNOVOTROITSKIIHROMOVYH,50883,STOCK COMPANY MORION INC,68.57142857142857,0
49309,KTSTOCKCOMPANYJOINTSITRONICS,49309,JOINT STOCK COMPANY SITRONICS KT,78.57142857142857,1
33619,LOPEZRodolfoGUTIERREZFrancisco,33619,"LOPEZ GUTIERREZ, Rodolfo Francisco",100.0,1
19714,FZEGENERALTRADINGGRANDEUR,19714,GRANDEUR GENERAL TRADING FZE,91.22807017543859,1
46911,BHDSDNTECNOLOGIESADVANCEDSKYLINE,46911,SKYLINE ADVANCED TECNOLOGIES SDN BHD,77.33333333333333,1
50530,PALACIOSMUNOZAntonioMiguel,50530,"MUNOZ PALACIOS, Miguel Antonio",98.30508474576271,1
18715,JOINTSBERBANKCOMPANYSTOCK,51662,BBR BANK JOINT STOCK COMPANY,94.73684210526316,0
15699,CVLOSRANCHOAGRICOLAGANADERODEMEZQUITESSA,15699,"RANCHO AGRICOLA GANADERO LOS MEZQUITES, S.A. DE C.V.",87.5,1
49186,RESEARCHJOINTANDPROTEKCOMPANYSTOCKENTERPRISEIMPLEMENTATION,49186,JOINT STOCK COMPANY RESEARCH AND IMPLEMENTATION ENTERPRISE PROTEK,94.65648854961832,1
50740,BYUROINZHINIRINGOOOSPEKTRKONSTRUKTORSKOE,36596,OOO INZHINIRING.RF,67.5,0
49411,LIMITEDCOMPANYLIABILITYMEGASTEK,49411,LIMITED LIABILITY COMPANY MEGASTEK,98.55072463768117,1
51604,LIABILITYWELLTECHLIMITEDCOMPANY,50820,LIMITED LIABILITY COMPANY TM TECH,91.17647058823529,0
50080,COMPANYINFORMATIONYEMENFORTELECOMMUNICATIONTECHNOLOGYASSET,50080,YEMEN TELECOMMUNICATION ASSET COMPANY FOR INFORMATION TECHNOLOGY,100.0,1
9548,COMPANYKDPMAESAILTD,9548,MAESAI K.D.P. COMPANY LTD.,78.26086956521739,1
49819,CVJJESADECONSTRUCTORASA,49819,CONSTRUCTORA JJESA S.A. DE C.V.,77.19298245614034,1
52061,BLANCOOSTENOrlandoOrozman,52061,"OSTEN BLANCO, Orozman Orlando",72.41379310344827,0
7173,IgnacioMEDINAMORENOLuis,7173,"MORENO MEDINA, Luis Ignacio",100.0,1
41113,HOLDINGSYSTEMSCOMPUTERLIMITEDINTELLIGENTLIABILITYCOMPANY,41113,LIMITED LIABILITY COMPANY HOLDING INTELLIGENT COMPUTER SYSTEMS,100.0,1
12215,OFACADEMYSECONDNATURALSCIENCES,12215,SECOND ACADEMY OF NATURAL SCIENCES,100.0,1
49837,LLCENERGYCOFORNACISTRADING,49837,FORNACIS ENERGY TRADING CO. L.L.C,87.09677419354838,1
43272,LINKSASIAPACIFICLIMITED,43272,ASIA PACIFIC LINKS LIMITED,100.0,1
48248,GHOJEHBIKLORostamSHAHMARI,4695,HAMAS,72.0,0
49215,EQUIPMENTMARINEJSCENGINEERINGCORPORATION,49215,MARINE EQUIPMENT ENGINEERING CORPORATION JSC,100.0,1
49395,JOINTALEKSINSKIIZAVODCOMPANYSTOCKOPYTNYIMEHANICHESKII,37483,ANDA COMPANY,73.63636363636364,0
46020,RESOURCESRUSSIANTITANIUMLIMITED,46020,RUSSIAN TITANIUM RESOURCES LIMITED,100.0,1
10899,ArturoMarcosBELTRANLEYVA,10899,"BELTRAN LEYVA, Marcos Arturo",82.14285714285714,1
10587,NOORAbdulMUHAMMADMajeed,10587,"NOOR MUHAMMAD, Abdul Majeed",85.18518518518519,1
37781,METEORCOMPANYSTOCKJOINTPLANT,37781,JOINT STOCK COMPANY METEOR PLANT,100.0,1
46909,ENGINEERINGARYATADBIRCOMPANYTEYF,46909,TEYF TADBIR ARYA ENGINEERING COMPANY,86.48648648648648,1
34498,INSURANCECOMPANYCOMPANYSTOCKROSGOSSTRAKHPUBLICJOINT,34498,PUBLIC JOINT STOCK COMPANY INSURANCE COMPANY ROSGOSSTRAKH,82.05128205128204,1
32351,SYRIAN216BRANCHMILITARYINTELLIGENCE,32351,SYRIAN MILITARY INTELLIGENCE BRANCH 216,100.0,1
49382,COMPANYMAYAKKIROVPUBLICPLANTJOINTSTOCK,49382,PUBLIC JOINT STOCK COMPANY KIROV PLANT MAYAK,100.0,1
51531,COMPANYSTOCKINVESTGEOSERVISJOINT,47798,JOINT STOCK COMPANY FEDOROVO RISORSES,77.33333333333333,0
17807,PADRONNayarithKatherineHARINGHTON,17807,"HARINGHTON PADRON, Katherine Nayarith",81.57894736842105,1
44266,COMMERCIALJSCUNISTREAMBANK,44266,UNISTREAM COMMERCIAL BANK JSC,88.13559322033898,1
18070,CVATUNERASATRITONDENUEVA,18070,NUEVA ATUNERA TRITON S.A. DE C.V.,70.83333333333333,0
44086,LIABILITYSTERLITAMAKCATALYSTCOMPANYLIMITEDPLANT,44086,LIMITED LIABILITY COMPANY STERLITAMAK CATALYST PLANT,81.13207547169812,1
7933,HIRBinAbdulZulkifli,20882,"JASHARI, Abdul",62.608695652173914,0
27251,CENSCERTAINCOMPANIASAAB,27251,SAAB CERTAIN & COMPANIA S. EN C.,82.14285714285714,1
42733,LIMITEDCOMPANYMASHOILLIABILITY,42733,MASHOIL LIMITED LIABILITY COMPANY,98.50746268656717,1
50124,RASPADSKAYAOGRANICHENNOIUGOLNAYAKOMPANIYASOBSHCHESTVOOTVETSTVENNOSTYU,45033,OBSHCHESTVO S OGRANICHENNOI OTVETSTVENNOSTYU A1,69.42857142857144,0
16020,IRANSHARGHCOMPANY,16020,IRAN & SHARGH COMPANY,100.0,1
15097,COELECTRONICINDUSTRIESCOMPONENTS,15097,ELECTRONIC COMPONENTS INDUSTRIES CO,100.0,1
47707,TGUNLEVSHALLCMAKINGCOMPANY,47707,GUN MAKING COMPANY LEVSHA T LLC,76.19047619047619,1
22080,MuhammadNasiralDinAymanSALIM,22080,"SALIM, Muhammad Ayman Nasir-al-Din",82.53968253968253,1
30106,COSHANGHAILTDREACHGROUPHOLDING,30106,"REACH HOLDING GROUP SHANGHAI CO., LTD.",100.0,1
52577,COMPANYLIABILITYLIMITEDCHERMETSERVIS,52577,LIMITED LIABILITY COMPANY CHERMET SERVIS,87.8048780487805,1
46645,LIMITEDMETALMASTERCOMPANYLIABILITY,50814,LIMITED LIABILITY COMPANY MASTER RM,93.15068493150685,0
34764,LIMITEDTEKHNOLOGIITSIFROVYECOMPANYBUDUSHCHEGOLIABILITY,8404,T.E.G. LIMITED,74.11764705882352,0
40209,KONGFANGHONGLIMITEDHOLDINGSTIAN,40209,TIAN FANG HONG KONG HOLDINGS LIMITED,100.0,1
46514,JOINTSTOCK75ARSENALCOMPANY,46514,JOINT STOCK COMPANY 75 ARSENAL,100.0,1
49782,KHAVERIMLIABILITYCOMPANYLIMITED,44883,LIMITED LIABILITY COMPANY KEKO R,88.23529411764706,0
49952,GALAKTIKAOBSHCHESTVOKORPORATSIYAAKTSIONERNOE,49952,AKTSIONERNOE OBSHCHESTVO KORPORATSIYA GALAKTIKA,70.45454545454545,0
30618,LIMITEDDONGMEIINVESTMENTCOGROUP,30618,"DONGMEI INVESTMENT GROUP CO., LIMITED",90.14084507042254,1
49834,LLCFZMARKETINGAWARDSDIGITAL,49834,DIGITAL MARKETING AWARDS FZ LLC,95.23809523809523,1
43098,KRASNOYARSKJOINTPOLYUSCOMPANYSTOCK,43098,JOINT STOCK COMPANY POLYUS KRASNOYARSK,93.5064935064935,1
52387,OBREGONHectorPEREZAndres,52387,"OBREGON PEREZ, Hector Andres",98.18181818181819,1
45376,VEKPROMPROMYSHLENNAYACOMPANYLIMITEDGRUPPALIABILITY,30412,DAY COMPANY,81.0,0
51411,CamiloROSEROEstebanBETANCOURT,51411,"BETANCOURT ROSERO, Camilo Esteban",92.3076923076923,1
45901,FORZAWAYALIMITADADEVELOPMENTINVESTMENTALGROUPSOCIEDADAND,45901,AL ZAWAYA GROUP FOR DEVELOPMENT AND INVESTMENT SOCIEDAD LIMITADA,89.23076923076923,1
29667,OSORIOLUCESAntonioGuillermo,29667,"LUCES OSORIO, Guillermo Antonio",95.08196721311475,1
51887,MARSAENERGYTRADINGDMCC,51887,MARSA ENERGY TRADING DMCC,100.0,1
16023,ZARINCOMPANYRAFSANJANCEMENT,16023,ZARIN RAFSANJAN CEMENT COMPANY,82.53968253968253,1
34993,JUNIORKINAHANVincentChristopher,34993,"KINAHAN JUNIOR, Christopher Vincent",89.85507246376811,1
49681,SEPAHOMIDEXCHANGECOMPANY,49681,OMID SEPAH EXCHANGE COMPANY,87.27272727272728,1
40876,COMPANIESSAPPHIRESTAROFGROUP,40876,STAR SAPPHIRE GROUP OF COMPANIES,100.0,1
13014,GEOFARMASACVDE,13014,GEOFARMA S.A. DE C.V.,85.71428571428572,1
44578,LIMITEDDEFENSEENGINEERINGLIABILITYPARTNERSHIP,44578,DEFENSE ENGINEERING LIMITED LIABILITY PARTNERSHIP,100.0,1
40794,EOOD2016MSKONSULT,34754,RUSKONSALT,70.00000000000001,0
11000,RIOPRESIDIOCVMINERADESA,11000,MINERA RIO PRESIDIO S.A. DE C.V.,85.71428571428572,1
51373,LLPVISIONSHIPMANAGEMENT,51373,VISION SHIP MANAGEMENT LLP,94.33962264150944,1
36258,RASPUNDERECUOKAFSOCIETATEALIMITATATRADING,30282,HODA TRADING,75.78947368421052,0
47754,ENGINEERINGABERGINSTITUTENAMEDCENTRALIRADIOAFTERACADEMICIANRESEARCH,47754,CENTRAL RESEARCH RADIO ENGINEERING INSTITUTE NAMED AFTER ACADEMICIAN A I BERG,100.0,1
49226,ANDCORPORATIONJSCSHIPBUILDINGSHIPREPAIRING,49226,SHIPREPAIRING AND SHIPBUILDING CORPORATION JSC,75.26881720430107,1
32452,ORGANIZATIONTRAFFICKINGDRUGLOSHUISTAS,32452,LOS HUISTAS DRUG TRAFFICKING ORGANIZATION,88.09523809523809,1
49399,UNITARYTEHNOLITENTERPRISEPRODUCTIONSCIENCEPRIVATE,49399,UNITARY PRIVATE SCIENCE PRODUCTION ENTERPRISE TEHNOLIT,89.0909090909091,1
40212,QUANZHOUYIYANGJINLTDTRADEIMPORTCOEXPORTAND,40212,"QUANZHOU YIYANGJIN IMPORT AND EXPORT TRADE CO., LTD.",80.3921568627451,1
15864,COMPANIADERL5GANADERASDEPRMANANTIALES,15864,COMPANIA GANADERA 5 MANANTIALES S. DE P.R. DE R.L.,72.97297297297297,0
36410,SBERBANKCOMPANYTECHNOLOGIESSTOCKJOINT,51516,JOINT STOCK COMPANY OFS TECHNOLOGIES,86.07594936708861,0
35244,COMPANYCOMPANYMANAGEMENTLIABILITYLIMITEDRVC,35244,LIMITED LIABILITY COMPANY RVC MANAGEMENT COMPANY,96.90721649484536,1
32532,DECLUBSAROJOSJUAREZINDIOSCVDE,32532,"CLUB INDIOS ROJOS DE JUAREZ, S.A. DE C.V.",91.66666666666666,1
49400,COMPANYLIMITEDLIABILITYSTANKOMASH,50014,LIMITED LIABILITY COMPANY COMPANY SCAN,84.21052631578947,0
23825,COLTDKINGLYINTERNATIONALWON,23825,"KINGLY WON INTERNATIONAL CO., LTD.",87.09677419354838,1
18048,SalihAbdMuhammadAbdallahalLatifBinALKAWARI,18048,"AL-KAWARI, 'Abd al-Latif Bin 'Abdallah Salih Muhammad",76.47058823529412,1
49189,SEMIKHATOVPRODUCTIONACADEMICIANOFAFTERASSOCIATIONAUTOMATICSNAMEDANDNASCIENTIFIC,49189,SCIENTIFIC AND PRODUCTION ASSOCIATION OF AUTOMATICS NAMED AFTER ACADEMICIAN NA SEMIKHATOV,92.22222222222223,1
13007,CVSADECITADELINMOBILIARIOSDESARROLLOS,25139,IYARI,72.0,0
15007,BARAKZAIAbdulSattarHaji,15007,"BARAKZAI, Haji Abdul Sattar",82.6086956521739,1
50402,EPLEKSLIMITEDCOMPANYLIABILITYGRUPP,49020,LIMITED LIABILITY COMPANY RUSSIAN EAGLE,85.0,0
41576,GONZALEZJassielVILLEGASIan,41576,"GONZALEZ VILLEGAS, Ian Jassiel",81.9672131147541,1
25451,HAFEZARYASHIPPINGCOMPANYDARYA,25451,HAFEZ DARYA ARYA SHIPPING COMPANY,100.0,1
48586,INTERNATIONALLIMITEDTULUNHOLDING,48586,TULUN INTERNATIONAL HOLDING LIMITED,95.77464788732395,1
19629,GENERALANDSINGWANGCORPORATIONECONOMICSTRADING,19629,SINGWANG ECONOMICS AND TRADING GENERAL CORPORATION,91.0891089108911,1
48670,HajjiHamidEBRAHIMIFORUSHANI,49250,LIFORS,75.00000000000001,0
24431,CONTRERASMarlenyJosefinaHERNANDEZ,24431,"CONTRERAS HERNANDEZ, Marleny Josefina",88.0,1
9583,JainalAntelSALIJR,48500,ELAR,67.5,0
46488,JuanBASTIDASERENASPablo,46488,"BASTIDAS ERENAS, Juan Pablo",82.6086956521739,1
30627,CENTRALOFOFTHEREPUBLICELECTIONBELARUSCOMMISSION,30627,CENTRAL ELECTION COMMISSION OF THE REPUBLIC OF BELARUS,100.0,1
41998,COMPANYTRADINGLIMITEDFOREPOSTLIABILITY,41998,LIMITED LIABILITY COMPANY FOREPOST TRADING,89.41176470588236,1
29020,TOURISTCITYGRANDTOWN,29020,GRAND TOWN TOURIST CITY,100.0,1
41002,STOCKJOINTZAVODVOTKINSKIYCOMPANY,30412,DAY COMPANY,80.0,0
50172,SROLABLEARNINGMACHINE,50172,MACHINE LEARNING LAB S.R.O.,93.87755102040816,1
42314,LLCKISMAYOTRADINGGENERAL,39816,MONCH GENERAL TRADING L.L.C.,81.4814814814815,0
51404,FORESTSPOZLAKEO,51404,LAKE FOREST SP Z O O,87.17948717948718,1
7192,JuanOLARRAGURIDIAntonio,7192,"OLARRA GURIDI, Juan Antonio",85.18518518518519,1
7598,EUSERVICIODEAEREOSANTANDER,7598,SERVICIO AEREO DE SANTANDER E.U.,84.61538461538461,1
34960,PERIDOTTRADINGSHIPPINGANDLLC,34960,PERIDOT SHIPPING AND TRADING LLC,100.0,1
48120,OGRANICHENNOYSVEB3OTVETSTVENNOSTYUOBSHCHESTVOTEKHNOLOGII,48120,OBSHCHESTVO S OGRANICHENNOY OTVETSTVENNOSTYU VEB3 TEKHNOLOGII,73.21428571428572,0
52249,SIRKETIMAKINAANONIMENDUSTRIMETALSAHINLER,46868,"DURI, Ahmet",70.00000000000001,0
28548,ORTEGAMURILLOCarlosJuan,28548,"ORTEGA MURILLO, Juan Carlos",100.0,1
46735,LIMITEDASTECLINGINTERNATIONALCOMPANYLIABILITYCOMPANY,46735,INTERNATIONAL COMPANY LIMITED LIABILITY COMPANY ASTECLING,94.82758620689656,1
13116,DEEPPJSOFFSHORECOMPANYTECHNOLOGY,13116,"DEEP OFFSHORE TECHNOLOGY COMPANY,  P.J.S.",98.63013698630137,1
44158,SIBERIANSERVICECOMPANYJSC,44158,JSC SIBERIAN SERVICE COMPANY,100.0,1
40544,INFORMATIONSTUDIESCOMPANYANDFORLEBANESESARL,40544,LEBANESE COMPANY FOR INFORMATION AND STUDIES SARL,96.96969696969697,1
28289,ANDARFAIRONSTEELCOMPANY,28289,ARFA IRON AND STEEL COMPANY,86.95652173913044,1
19732,GENERALSEVENSEAGOLDENTRADINGLLC,19732,SEVEN SEA GOLDEN GENERAL TRADING LLC,100.0,1
49364,GROUPBASSIREDOOBEOGRAD,49364,BASSIRE GROUP DOO BEOGRAD,86.27450980392157,1
40477,LTDTIANYIRESEARCHSPACEINSTITUTESCIENCECOANDTECHNOLOGYCHANGSHA,40477,CHANGSHA TIANYI SPACE SCIENCE AND TECHNOLOGY RESEARCH INSTITUTE CO. LTD,99.29078014184397,1
48527,LIMITEDCOMPANYSREDNEVOLZHSKYSTANKOZAVODLIABILITY,48527,LIMITED LIABILITY COMPANY SREDNEVOLZHSKY STANKOZAVOD,81.25,1
43836,ZAMUDIOLERMAAngelGuillermo,43836,"ZAMUDIO LERMA, Angel Guillermo",100.0,1
52316,SDNTEFCASMARINEBHD,52316,TEFCAS MARINE SDN. BHD.,83.33333333333334,1
27589,INVESTMENTTRADINGLIMITEDLOUCOMPANYAND,27589,LOU TRADING AND INVESTMENT COMPANY LIMITED,100.0,1
46658,VOLOGDABEARINGPLANTCOMPANYCLOSEDJOINTSTOCK,46658,CLOSED JOINT STOCK COMPANY VOLOGDA BEARING PLANT,89.79591836734694,1
51718,BANKJOINTFINANCECOMPANYSTOCKAUTO,51718,JOINT STOCK COMPANY AUTO FINANCE BANK,100.0,1
29625,LTDFUELTRADINGOMAN,29625,OMAN FUEL TRADING LTD,100.0,1
33014,POLIGONOSASMARTASANTA,33014,POLIGONO SANTA MARTA S.A.S.,80.95238095238095,1
30123,SONSANDTALIBPTYLTD,30123,TALIB AND SONS PTY LTD,100.0,1
49877,LIMITEDKITSMARTTECHNOLOGY,49877,SMART KIT TECHNOLOGY LIMITED,100.0,1
36065,ZVYOZDOCHKASHIPREPAIRINGCOMPANYJOINTCENTERSTOCK,36065,JOINT STOCK COMPANY SHIPREPAIRING CENTER ZVYOZDOCHKA,72.72727272727273,0
32743,MEDICINETHEOFMINISTRYFORMILITARYSTATEDEFENSEEXPERIMENTALINSTITUTEOF,32743,STATE INSTITUTE FOR EXPERIMENTAL MILITARY MEDICINE OF THE MINISTRY OF DEFENSE,100.0,1
41299,TECHNOLOGYWUHANSHUOKANGCOBIOLOGICALLTD,41299,"WUHAN SHUOKANG BIOLOGICAL TECHNOLOGY CO., LTD",86.36363636363636,1
40803,CONSULTINGTRILEMMALTDEOOD,29783,ARCH CONSULTING,75.00000000000001,0
46431,IZHEVSKELECTROMECHANICALCOMPANYKUPOLPLANTSTOCKJOINT,46431,JOINT STOCK COMPANY IZHEVSK ELECTROMECHANICAL PLANT KUPOL,83.05084745762711,1
32176,GENERALTICARETSIRKETIVEGIDASANAYITRADINGANONIMADOON,46793,M AND S TRADING,67.5,0
17238,BASPARKIMIYAMANDEGARCOMPANY,10495,HARA COMPANY,81.0,0
32533,MENDOZASCACUAINDUSTRIARLNARCISODEDECV,39660,"RI, Sok",72.0,0
35936,STOCKCOMPANYMIKRONJOINT,35936,JOINT STOCK COMPANY MIKRON,98.11320754716981,1
49307,COMPANYLIMITEDHOLDINGLIABILITYYUZHPOLYMETAL,49197,LIMITED LIABILITY COMPANY MERKATOR HOLDING,82.6086956521739,0
48199,GROUPLTDUNITOPHONGKONG,48199,HONGKONG UNITOP GROUP LTD,86.27450980392157,1
29023,ZUBAIDILLCQALEIAND,29023,ZUBAIDI AND QALEI LLC,66.66666666666667,0
40931,STOCKCOMPANYINSTITUTERESEARCHBUREVESTNIKJOINTSCIENTIFICCENTRAL,40931,JOINT STOCK COMPANY CENTRAL SCIENTIFIC RESEARCH INSTITUTE BUREVESTNIK,88.57142857142857,1
26324,ORGANIZATIONDRUGZHENGTRAFFICKING,26324,ZHENG DRUG TRAFFICKING ORGANIZATION,100.0,1
46224,DESKAIRUCVSA,46224,"SKAIRU, S.A. DE C.V.",66.66666666666667,0
11773,SAAVEDRAENSCCIAY,11773,SAAVEDRA Y CIA. S. EN C.,80.0,1
17118,ISAZANelsonSANCHEZDario,17118,"ISAZA SANCHEZ, Nelson Dario",86.79245283018868,1
25943,ARJANELECTRICITYANDGENERATIONMANAGEMENTENERGY,25943,ARJAN ELECTRICITY AND ENERGY GENERATION MANAGEMENT,100.0,1
31311,BUSTAMANTEDinorahYoselinPUERTA,31311,"BUSTAMANTE PUERTA, Dinorah Yoselin",80.0,1
7330,NEDERLANDBENEVOLENCESTICHTINGINTERNATIONAL,7330,STICHTING BENEVOLENCE INTERNATIONAL NEDERLAND,91.30434782608697,1
49795,EDJAMAQUINASCVDESA,702,"EDYJU, S.A.",65.45454545454547,0
45976,LIABILITYCOMPANYLIMITEDSTARTAERO,45976,LIMITED LIABILITY COMPANY START AERO,100.0,1
25489,JOOMohammadAliYAZDAN,20968,"HAMMUD, Ali",80.0,0
45041,BALASHIKHINSKIYLITEYNOCOMPANYOPENSTOCKMEKHANICHESKIYZAVODJOINT,30412,DAY COMPANY,72.0,0
28547,MONTALVANAdolfoIvanACOSTA,28547,"ACOSTA MONTALVAN, Ivan Adolfo",98.24561403508771,1
46648,INVENTLIABILITYCOMPANYLIMITED,46648,LIMITED LIABILITY COMPANY INVENT,100.0,1
15664,DECASADISTRIBUIDORASAELCVLUISVIEJO,13010,"DISTRIBUIDORA LIFE, S.A.",71.05263157894737,0
8394,SACOPANDORASHIPPING,8394,PANDORA SHIPPING CO. S.A.,93.33333333333333,1
10594,AbdullaAhmadMohammadBEHZADAbdulla,10594,"BEHZAD, Ahmad Abdulla Mohammad Abdulla",87.17948717948718,1
11237,ArturoLADINOAVILAJaime,11237,"LADINO AVILA, Jaime Arturo",100.0,1
36324,OOOTSARGRADKURORTSPASTESHILOVO,36316,TESHILOVO OOO,77.14285714285715,0
50280,LIMITEDLIABILITYATRANCOMPANY,40815,LIMITED LIABILITY COMPANY AKTIV R,92.3076923076923,0
39666,AVASERVICESPETROLEUMSA,39666,AVA PETROLEUM SERVICES S.A.,94.11764705882352,1
43038,RESEARCHMINERALSCIENTIFICSTOCKOFSIBERIANCOMPANYMATERIALJOINTANDINSTITUTEGEOPHYSICSRAWGEOLOGY,43038,SIBERIAN SCIENTIFIC RESEARCH INSTITUTE OF GEOLOGY GEOPHYSICS AND MINERAL RAW MATERIAL JOINT STOCK COMPANY,100.0,1
52573,ANDTUGANSKSTOCKCOMPANYPROCESSINGILMENITEMININGJOINTENTERPRISE,52573,JOINT STOCK COMPANY TUGANSK MINING AND PROCESSING ENTERPRISE ILMENITE,85.3146853146853,1
8744,LIMITEDLEASINGPACIFICWORLDTRANS,8744,TRANS PACIFIC WORLD LEASING LIMITED,100.0,1
28049,LTDPETROLEUMCOPAPA,28049,"PAPA PETROLEUM CO., LTD.",100.0,1
9331,ALTIKRITISabawiIbrahimHasanAyman,7878,"AL-TIKRITI, Sab'awi Ibrahim Hassan",90.0,0
40328,SHIRSHOVPPINSTITUTEOFTHEACADEMYOCEANOLOGYOFRUSSIANOFSCIENCES,40328,P.P. SHIRSHOV INSTITUTE OF OCEANOLOGY OF THE RUSSIAN ACADEMY OF SCIENCES,80.0,1
26588,URUGUAYBANDESSABANCO,26588,BANCO BANDES URUGUAY S.A.,89.36170212765957,1
11626,COMMERCIALPETROCHEMICALUKLIMITEDCOMPANY,11626,PETROCHEMICAL COMMERCIAL COMPANY (U.K.) LIMITED,100.0,1
10897,MahmudAdilABDMuhammadALKHALIQ,10897,"ABD AL-KHALIQ, Adil Muhammad Mahmud",86.95652173913044,1
51127,PRODUCTIONANDUNITEDRESEARCHPERMCORPORATIONENGINESENGINECOMPLEX,51127,UNITED ENGINE CORPORATION PERM ENGINES RESEARCH AND PRODUCTION COMPLEX,100.0,1
37739,STATECENTERAFTERNAMEDFLIGHTVPTESTINGCHKALOV,37739,STATE FLIGHT TESTING CENTER NAMED AFTER V.P. CHKALOV,88.23529411764706,1
23004,COMMERCIALLTDKORYOBANK,20572,KORYO BANK,90.0,0
11548,CeciliaRODRIGUEZVELASQUEZRuth,11548,"VELASQUEZ RODRIGUEZ, Ruth Cecilia",100.0,1
50781,RRGENGINEERINGPRIVATELIMITEDTECHNOLOGIES,50781,RRG ENGINEERING TECHNOLOGIES PRIVATE LIMITED,98.87640449438202,1
48771,MAHDUDCAMIYYATIENERGYLAHICMASULIYYATLI,6921,"ATWA, Ali",65.45454545454547,0
37256,MORGANHUERTAJoseArnoldo,37256,"MORGAN HUERTA, Jose Arnoldo",100.0,1
11695,INPENINSULAALQAIDAARABIANTHE,6366,AL QA'IDA,90.0,0
42296,2013TRADINGTIALTDOOD,42296,TIA TRADING 2013 LTD OOD,100.0,1
46215,CVTURISTICOSCOMERCIALIZADORAVALLARTASERVICIOSSADEDEDE,12185,COMERCIALIZADORA GONRA,72.85714285714286,0
47132,MuhammadFallahKamilHIRZALLAH,47132,"HIRZALLAH, Muhammad Fallah Kamil",80.0,1
33594,PARVAZNAFARCOMPANYMADOOJE,33594,OJE PARVAZ MADO NAFAR COMPANY,78.68852459016394,1
48549,VLADIMIRCOMPANYSTOCKOFPLANTHOSESMETALJOINT,48549,JOINT STOCK COMPANY VLADIMIR PLANT OF METAL HOSES,100.0,1
10359,ZAMBADAMariaNIEBLATeresa,10359,"ZAMBADA NIEBLA, Maria Teresa",79.16666666666666,1
11882,CIAALVAREZYAGUILARLTDA,11882,AGUILAR ALVAREZ Y CIA. LTDA.,94.33962264150944,1
40476,JOINTTECHTERRACOMPANYSTOCK,40476,JOINT STOCK COMPANY TERRA TECH,100.0,1
30286,CODESLTDINTERNATIONAL,30286,"DES INTERNATIONAL CO., LTD.",97.87234042553192,1
40923,LIMITEDJINXINTRADINGNUO,40923,JIN XIN NUO TRADING LIMITED,83.63636363636364,1
28243,CVMASTERREPOSTERIASYDESARESTAURANTES,28243,"MASTER REPOSTERIAS Y RESTAURANTES, S.A. DE C.V.",83.33333333333334,1
46680,YUNZEBEIJINGCOLTDTECHNOLOGY,46680,"BEIJING YUNZE TECHNOLOGY CO., LTD.",95.23809523809523,1
38316,FEDERALOFPHYSICSANDINSTITUTIONOFSTATEINSTITUTEHIGHERTECHNOLOGYEDUCATIONMOSCOWVOCATIONAL,38316,FEDERAL STATE INSTITUTION OF HIGHER VOCATIONAL EDUCATION MOSCOW INSTITUTE OF PHYSICS AND TECHNOLOGY,100.0,1
50409,COMPANYENGINEERINGLIMITEDLIABILITYARMOR,50409,LIMITED LIABILITY COMPANY ARMOR ENGINEERING,100.0,1
47540,IT1COMPANYLIMITEDLIABILITYRTK,47540,LIMITED LIABILITY COMPANY IT1 RTK,91.17647058823529,1
48961,CAPITALCONSULTANCIESMANAGEMENTANDTAPLLC,48961,CAPITAL TAP MANAGEMENT AND CONSULTANCIES L.L.C.,100.0,1
50179,CYBERLIMITEDLIABILITYSERENITYCOMPANYSECURITY,50179,SERENITY CYBER SECURITY LIMITED LIABILITY COMPANY,100.0,1
51832,BANKSTOCKTRUSTCOMPANYPUBLICJOINT,51832,JOINT STOCK COMPANY PUBLIC TRUST BANK,100.0,1
16696,REPUBLICOFSYRIAOFCONGOTHEDEMOCRATICISLAMICANDIRAQSTATE,16696,ISLAMIC STATE OF IRAQ AND SYRIA - DEMOCRATIC REPUBLIC OF THE CONGO,100.0,1
45956,LIMITEDSOLUTIONSEMERGENCYLIABILITYCOMPANYDIGITAL,45956,LIMITED LIABILITY COMPANY EMERGENCY DIGITAL SOLUTIONS,100.0,1
42736,GASLIABILITYEQUIPMENTURALMASHANDLIMITEDCOMPANYOILHOLDING,42736,URALMASH OIL AND GAS EQUIPMENT HOLDING LIMITED LIABILITY COMPANY,93.02325581395348,1
44983,OZERNAYALIABILITYCOMPANYKOMPANIYAENERGETICHESKAYALIMITED,11636,KALA LIMITED,81.81818181818181,0
34681,INVESTTRADEBANKCOMPANYSTOCKJOINT,51794,JOINT STOCK COMPANY BANK FINSERVICE,80.55555555555556,0
12476,COMPANYANDGASPARSOIL,12476,PARS OIL AND GAS COMPANY,80.85106382978724,1
16208,LuisCUELLARCASTROEduardo,16208,"CUELLAR CASTRO, Luis Eduardo",100.0,1
28052,MDCOZTHMORDALTDSES,28052,"M D S THMORDA S E Z CO., LTD.",66.66666666666667,0
7151,SADECVELECTRONICOSACCESOS,7151,ACCESOS ELECTRONICOS S.A.DE C.V.,81.35593220338984,1
40824,INVESTMENTCAPITALLEADINGLTD,40824,LEADING CAPITAL INVESTMENT LTD,100.0,1
12928,CONSPIRACYNUCLEIFIREOF,12928,CONSPIRACY OF FIRE NUCLEI,100.0,1
7209,alRahmanKhalidAbdALFAWAZHamd,7209,"AL-FAWAZ, Khalid Abd al-Rahman Hamd",75.0,0
50358,LIMITEDCOAGUINFORMATIONTECHNOLOGY,50358,AGU INFORMATION TECHNOLOGY CO LIMITED,91.89189189189189,1
32332,JesusJARQUINJARQUINJose,32332,"JARQUIN JARQUIN, Jose Jesus",78.26086956521739,1
26140,ORGANIZATIONPERALTATRAFFICKINGCESARDRUG,26140,CESAR PERALTA DRUG TRAFFICKING ORGANIZATION,100.0,1
47549,JOINTCOMPANYSPBBANKSTOCKPUBLIC,47549,PUBLIC JOINT STOCK COMPANY SPB BANK,92.95774647887323,1
28294,INDUSTRIALGOLGOHARANDMININGCOMPANY,28294,GOLGOHAR MINING AND INDUSTRIAL COMPANY,90.9090909090909,1
47185,AHMARALAbdullahHamidHussein,47185,"AL AHMAR, Hamid Abdullah Hussein",100.0,1
49242,ELEKTROPRIBORAKTSIONERNOEOBSHCHESTVOZAVODVLADIMIRSKIIOTKRYTOE,31611,AKTSIONERNOE OBSHCHESTVO AST,83.07692307692308,0
47912,KRDVZABAYKALYELIMITEDLIABILITYCOMPANY,30412,DAY COMPANY,80.0,0
21577,DEAGRICOLARUELASSPRRI,21577,"AGRICOLA RUELAS, S.P.R. DE R.I.",90.47619047619048,1
50785,DELAZIYALIABILITYLIMITEDCOMPANY,49423,LIMITED LIABILITY COMPANY ELGA TRANS,87.32394366197182,0
15854,FOODLTDMANAGEMENTTFMCCORPORATIONTHE,15854,T.F.M.C. THE FOOD MANAGEMENT CORPORATION LTD,90.2439024390244,1
46674,STOCKSCIENTIFICCOMPANYANDTECHNICALPHOTONICSCOMPANYJOINTAZIMUT,46674,JOINT STOCK COMPANY SCIENTIFIC AND TECHNICAL COMPANY AZIMUT PHOTONICS,82.26950354609929,1
44146,LIMITEDGAZPROMNEFTPRIVATEOKHRANALIABILITYCOMPANYORGANIZATIONSECURITY,44146,LIMITED LIABILITY COMPANY PRIVATE SECURITY ORGANIZATION GAZPROMNEFT OKHRANA,85.71428571428572,1
44462,WARRIORSLTDINVESTMENTGOLDENPVT,44462,GOLDEN WARRIORS INVESTMENT PVT LTD,98.55072463768117,1
38580,OGRANICHENNOIMARKUSOBSHCHESTVOSOTVETSTVENNOSTYU,7733,"MARKU, Ton",67.5,0
20880,ALMUHAYSINIMuhammadBinSulaymanAbdallah,20880,"AL-MUHAYSINI, 'Abdallah Muhammad Bin-Sulayman",78.94736842105263,1
37769,LIMITEDPFMKLIABILITYCOMPANY,47692,MP LIMITED LIABILITY COMPANY,94.91525423728814,0
17018,STOCKRUSSIAJOINTPUBLICOFSBERBANKCOMPANY,17018,PUBLIC JOINT STOCK COMPANY SBERBANK OF RUSSIA,82.6086956521739,1
12298,CVSABASALTOSDETONALA,12298,"BASALTOS TONALA, S.A. DE C.V.",74.50980392156863,0
48746,GROUPCONSULTINGJSCPOSTPROCESSOR,48746,JSC CONSULTING GROUP POSTPROCESSOR,98.55072463768117,1
45920,LIMITEDLIABILITYCOMPANYELECTRONICSSPUTNIK,45920,LIMITED LIABILITY COMPANY SPUTNIK ELECTRONICS,100.0,1
24664,MOKUSADORMINES,24664,MOKU MINES D'OR SA,94.11764705882352,1
47598,NEVSKYZAVODSTOCKJOINTCOMPANY,47598,JOINT STOCK COMPANY NEVSKY ZAVOD,89.23076923076923,1
31452,AUTONOMOUSSTATEFEDERALINNOVATIVEERAMILITARYINSTITUTIONTECHNOPOLIS,31452,FEDERAL STATE AUTONOMOUS INSTITUTION MILITARY INNOVATIVE TECHNOPOLIS ERA,92.41379310344827,1
25635,TOSEEDONYASHAHRKOHANCOMPANY,25635,TOSE-E DONYA SHAHR KOHAN COMPANY,100.0,1
22285,OFFORCESPEOPLESARMEDMINISTRY,22285,MINISTRY OF PEOPLE'S ARMED FORCES,100.0,1
28286,STEELKAVEHCOMPANYSOUTH,28286,SOUTH KAVEH STEEL COMPANY,86.27450980392157,1
47271,SABAFONOFFSHORESALINTERNATIONAL,47271,SABAFON INTERNATIONAL SAL OFFSHORE,89.85507246376811,1
7585,LTDAGAVIOTAYMUELLESDRAGADOS,7590,GRAN MUELLE S.A.,67.5,0
45965,LIMITEDCOMPANYDECISIONS2LIABILITYNEW,45965,LIMITED LIABILITY COMPANY NEW DECISIONS 2,100.0,1
50082,ALSHAHARICORPORATIONLIMITEDGUANGZHOUUNITED,46521,RIF CORPORATION,83.57142857142858,0
37777,PLASMACOMPANYSTOCKJOINT,37777,JOINT STOCK COMPANY PLASMA,100.0,1
3750,COBALTINTERNATIONALINCCO,3750,INTERNATIONAL COBALT CO. INC.,100.0,1
46520,COMPANYJOINTRIFSTOCK,46520,JOINT STOCK COMPANY RIF,100.0,1
45552,LAKTASIAGROVOCEDOO,50930,ELMAK,67.5,0
6908,AnwaralSayyidTariqAHMAD,28054,"ANWAR, Rao",77.14285714285715,0
26220,GROUPCOMMERCIALINCWINDHAM,26220,WINDHAM COMMERCIAL GROUP INC.,100.0,1
47537,LIMITEDIT1COMPANYLIABILITY,47537,LIMITED LIABILITY COMPANY IT1,94.91525423728814,1
12314,SEPULVEDATulioFLOREZMarco,12314,"FLOREZ SEPULVEDA, Marco Tulio",94.73684210526316,1
25461,KGOCEANCOGMBHELEVENTH,25461,ELEVENTH OCEAN GMBH & CO. KG,100.0,1
50777,OFLIMITEDLIABILITYCOMPANYUNMANNEDTECHNOLOGIESMORDOVIA,50777,LIMITED LIABILITY COMPANY UNMANNED TECHNOLOGIES OF MORDOVIA,96.22641509433963,1
52549,LIABILITYLIMITEDSALDAKERAMAKSVERKHNYAYACOMPANY,30412,DAY COMPANY,81.0,0
52629,LIABILITYPREDPRIYATIEPROIZVODSTVENNOENAUCHNOLIMITEDCOMPANYTECHNOPROEKT,30412,DAY COMPANY,72.0,0
17386,ALYahyaHAKIMAbdullah,17386,"AL HAKIM, Abdullah Yahya",100.0,1
50052,ZAVODAKTSIONERNOEREKONDOBSHCHESTVO,31611,AKTSIONERNOE OBSHCHESTVO AST,76.66666666666666,0
49752,METALCOYIDATONGMATERIALSLTDTIANJIN,49752,"YIDATONG TIANJIN METAL MATERIALS CO., LTD",88.60759493670886,1
48742,ITHALATLIMITEDIHRACATTICARETALPHASIRKETIIMPEXDISVE,11636,KALA LIMITED,81.81818181818181,0
52177,LIMITEDEVOKORPKOMPANIYACOMPANYUPRAVLYAYUSHCHAYALIABILITY,30465,LIA COMPANY,81.0,0
48692,KOMMERCHESKAYAPROIZVODSTVENNOVIVAKOMPANIYA,16839,PANYA AG,69.23076923076923,0
25687,LTDPTEWEESTIONG,25687,WEE TIONG (S) PTE LTD,91.89189189189189,1
25935,ENERGYGILANGHADIRCASPIAN,25935,GHADIR CASPIAN GILAN ENERGY,78.57142857142857,1
47618,LIMITEDMAKROOPTIKARESEARCHPRODUCTIONLIABILITYCOMPANYCOMPANYAND,47618,LIMITED LIABILITY COMPANY RESEARCH AND PRODUCTION COMPANY MAKROOPTIKA,86.52482269503547,1
47899,LIMITEDLIABILITYEDUCATIONALRESIDENCEURALCOMPANY,47899,LIMITED LIABILITY COMPANY URAL EDUCATIONAL RESIDENCE,100.0,1
21004,ALIAlHasanABKARALI,7641,AL-AQSA,75.00000000000001,0
44989,COMPANYLLCARCTICUNITED,44989,UNITED ARCTIC COMPANY LLC,100.0,1
12580,GENERALLLCTRADINGGREENLEAF,12580,GREEN LEAF GENERAL TRADING LLC,98.30508474576271,1
24784,YusopKarimFAIZMohammed,24784,"FAIZ, Mohammed Karim Yusop",90.19607843137256,1
46270,ZAVODIMOBSHCHESTVOAKTSIONERNOENMIGNATYEVAAKOMAKKUMULYATORNYI,46269,AKKUMULYATORNYE TEKHNOLOGII,65.85365853658537,0
52033,LIMITEDRUSGAZBURENIELIABILITYCOMPANY,51539,RN BURENIE LIMITED LIABILITY COMPANY,84.61538461538461,0
46777,STOCKCARTRIDGEBARNAULCOMPANYPLANTJOINT,46777,JOINT STOCK COMPANY BARNAUL CARTRIDGE PLANT,100.0,1
15691,ACUATICOCASCABELESSALOSPARQUECVDE,15691,"PARQUE ACUATICO LOS CASCABELES, S.A. DE C.V.",69.6969696969697,0
37689,OPTICALSTOCKPRODUCTIONAFTERESYALAMOVJOINTCOMPANYURALMECHANICALPLANTANDASSOCIATIONNAMED,37689,JOINT STOCK COMPANY PRODUCTION ASSOCIATION URAL OPTICAL AND MECHANICAL PLANT NAMED AFTER E.S. YALAMOV,93.0,1
18095,SAFIRMADELAMIRANDACV,18095,"LA FIRMA MIRANDA, S.A. DE C.V.",75.0,0
51298,LTDCOLIMBACHAIRCRAFTENGINEXIAMEN,51298,"XIAMEN LIMBACH AIRCRAFT ENGINE CO., LTD.",100.0,1
39671,SHIPPINGCORPTIDERISING,39671,RISING TIDE SHIPPING CORP.,100.0,1
50159,OGRANICHENNOIPECHENGSKOESOTVETSTVENNOSTYUSTROITELNOEOBEDINENIEOBSHCHESTVO,50159,OBSHCHESTVO S OGRANICHENNOI OTVETSTVENNOSTYU PECHENGSKOE STROITELNOE OBEDINENIE,68.49315068493152,0
26201,GROUPCORPINVESTMENTSRIM,26201,"RIM GROUP INVESTMENTS, CORP.",100.0,1
32729,ASTRALIABILITYLIMITEDDANACOMPANYFOREIGN,32729,FOREIGN LIMITED LIABILITY COMPANY DANA ASTRA,100.0,1
31146,DESPRRLALEGRECOSTAAGRICOLA,31146,AGRICOLA COSTA ALEGRE S.P.R. DE R.L.,100.0,1
47833,LIMITEDHYPERSPACECOMPANYLIABILITY,47833,LIMITED LIABILITY COMPANY HYPERSPACE,100.0,1
41116,SOFTLIABILITYLIMITEDMFICOMPANY,41116,LIMITED LIABILITY COMPANY MFI SOFT,100.0,1
11417,REPARACIONESAERODINOSTALLERYDEPARTESAEREOSSERVICIOSDESUSSA,11407,SERVICIOS SILSA S.A.C.,70.9090909090909,0
44093,NEFTEGAZAVTOMATIKAJOINTCOMPANYSTOCK,44090,JOINT STOCK COMPANY GAZPROM AVTOMATIZATSIYA,72.09302325581395,0
23653,INVESTMENTCOINTERNATIONALLIMITEDKINGSROMANS,23653,KINGS ROMANS INTERNATIONAL INVESTMENT CO. LIMITED,100.0,1
40864,ZAVODKOMPOZITSIONNYKHULGERODNYKHMATERIALOVI,40864,ZAVOD ULGERODNYKH I KOMPOZITSIONNYKH MATERIALOV,72.09302325581395,0
32355,SYRIANGENERALBRANCHALKHATIBINTELLIGENCE251,32355,SYRIAN GENERAL INTELLIGENCE BRANCH 251 - AL-KHATIB,86.31578947368422,1
6865,MALHERBELEONDEOscar,6865,"MALHERBE DE LEON, Oscar",89.47368421052632,1
51092,KDGLIMITEDENGINEERINGPRIVATE,51092,KDG ENGINEERING PRIVATE LIMITED,90.625,1
37521,OBYEDINENIYELIABILITYLIMITEDRADIOVOLNACOMPANYNAUCHNOPROIZVODSTVENNOYE,30465,LIA COMPANY,81.0,0
34675,PUBLICSTOCKCOMPANYTRANSKAPITALBANKJOINT,51671,PUBLIC JOINT STOCK COMPANY NATIONAL BANK TRUST,87.91208791208791,0
27468,COMPANYLTDHOLDINGKUNLUN,27468,KUNLUN HOLDING COMPANY LTD.,100.0,1
23890,PMA243CAINVERSIONES,19199,"MEDAL INVERSIONES, S.A.",70.27027027027026,0
45908,FINANCIALTADAWULSAOCSERVICES,45908,TADAWUL FINANCIAL SERVICES SAOC,84.375,1
47634,MIKROSISTEMANAUCHNOPROIZVODSTVENNOEPREDPRIYATIE,50725,NAUCHNO PROIZVODSTVENNOE PREDPRIYATIE IRVIS,80.45977011494253,0
52182,BEARLIMITEDCOMPANYBRIDZHLIABILITY,36425,BARUS LIMITED LIABILITY COMPANY,82.85714285714285,0
11295,KANKASETSANGSIRILIMITEDCOMPANY,11295,SANGSIRI KANKASET COMPANY LIMITED,88.23529411764706,1
49269,OBSHCHESTVOSOGRANICHENNOIMEDSTANDARTOTVETSTVENNOSTYU,45033,OBSHCHESTVO S OGRANICHENNOI OTVETSTVENNOSTYU A1,86.31578947368422,0
36019,CHINAENERGYHAOKUNLIMITED,36019,CHINA HAOKUN ENERGY LIMITED,94.54545454545455,1
7876,ALYASSINHusamAminMuhammad,7876,"AL-YASSIN, Husam Muhammad Amin",84.0,1
18736,COMPANYVTBDEPOSITORYCLOSEDSPECIALIZEDJOINTSTOCK,18736,VTB SPECIALIZED DEPOSITORY CLOSED JOINT STOCK COMPANY,97.19626168224299,1
52015,PORTSUKHODOLLIABILITYMORSKOILIMITEDCOMPANY,30412,DAY COMPANY,80.0,0
25970,DEVELOPMENTANDINTERNATIONALGHADIRTRADING,25970,GHADIR INTERNATIONAL TRADING AND DEVELOPMENT,93.33333333333333,1
24680,AINMOBILIARIAROFIS,24680,INMOBILIARIA ROFI S A,94.44444444444444,1
44161,OGRANICHENNOJSOTVETSTVENNOSTYUAKTIVNIPIGAZOBSHESTVO,44160,OBSHESTVO S OGRANICHENNOJ OTVETSTVENNOSTYU NIPIGAZ IT,74.74747474747474,0
48862,VOLGOGRADLIABILITYCOMPANYCOMPANYMACHINELIMITEDBUILDING,48862,VOLGOGRAD MACHINE BUILDING COMPANY LIMITED LIABILITY COMPANY,100.0,1
52257,OGRANICHENNOIOBSHCHESTVOSEBOTVETSTVENNOSTYUS,45868,OBSHCHESTVO S OGRANICHENNOI OTVETSTVENNOSTYU SFT,68.18181818181819,0
40795,CRIMINALSALASORGANIZATIONHERNANDEZTRANSNATIONAL,40795,HERNANDEZ SALAS TRANSNATIONAL CRIMINAL ORGANIZATION,88.23529411764706,1
47496,ALLRUSCOMPANYLIMITEDLIABILITY,44544,LIMITED LIABILITY COMPANY VERUS,90.625,0
13414,MartinHumbertoFELIXPONCE,13414,"PONCE FELIX, Martin Humberto",100.0,1
52548,COMPANYJOINTURALSKIYMETALLURGICHESKIYKAMENSKSTOCKZAVODPUBLIC,30412,DAY COMPANY,74.11764705882352,0
15697,GENERALFZESYNERGYTRADING,15697,SYNERGY GENERAL TRADING FZE,90.9090909090909,1
51150,ISTOCKCREDSTVIREMONTAVOORYGENIYBIOLOGICHESKOIHIMICHESKOICOMPANY136PROIZVODSTVARADIACIONNOIJOINTOPENBAZAIZACHITUCENTRALNAY,9541,SIAM NICE COMPANY LTD.,60.00000000000001,0
8190,IbrahimMohammadBarzanHasanALTIKRITI,21165,"IBRAHIM, Muhammad",84.0,0
45967,COMPANYMEDIALIABILITYGROUPLIMITED7TV,45967,LIMITED LIABILITY COMPANY 7TV MEDIA GROUP,93.97590361445783,1
23130,MONSALVEMARQUEZJorgeElieser,23130,"MARQUEZ MONSALVE, Jorge Elieser",76.19047619047619,1
50116,ELECTRONICSCOLIMITEDHKFEPOOD,50116,FEPOOD ELECTRONICS HK CO LIMITED,84.84848484848484,1
22223,MabkhutALARADAHKhalidAli,15206,"HAIDAR, Ali",74.11764705882352,0
30664,FLAGSTONECONCRETEMANUFACTUREANDALAMEROFFOR,30664,AL-AMER FOR MANUFACTURE OF CONCRETE AND FLAGSTONE,88.65979381443299,1
24450,LOGISTICSCOMARITIMEPRIMORYELTD,24450,PRIMORYE MARITIME LOGISTICS CO LTD,98.55072463768117,1
47986,FORLIMITEDCOMPANYSECURITYNATIONALCENTRELIABILITYINFORMATION,47986,LIMITED LIABILITY COMPANY NATIONAL CENTRE FOR INFORMATION SECURITY,100.0,1
33071,STOCK140PLANTJOINTCOMPANYREPAIR,33071,JOINT STOCK COMPANY 140 REPAIR PLANT,100.0,1
52510,MOUSAMohammedDagloHamdan,52510,"MOUSA, Mohammed Hamdan Daglo",82.14285714285714,1
42981,COMPANYTBSLIABILITYLIMITED,42981,LIMITED LIABILITY COMPANY TBS,100.0,1
36367,DIGITALLIABILITYLIMITEDRUSSIANSOLUTIONSCOMPANY,36367,LIMITED LIABILITY COMPANY RUSSIAN DIGITAL SOLUTIONS,100.0,1
51300,CHEKADSANATFARAZASIA,51300,CHEKAD SANAT FARAZ ASIA,100.0,1
27594,LIMITEDPETROLEUMCOMPANYALCARDINAL,27594,ALCARDINAL PETROLEUM COMPANY LIMITED,98.63013698630137,1
41988,SPETSVOLTAZHLIABILITYCOMPANYLIMITED,41988,LIMITED LIABILITY COMPANY SPETSVOLTAZH,93.67088607594937,1
47686,SAFEDATALIABILITYCOMPANYLIMITED,47867,LIMITED LIABILITY COMPANY DATA 51,88.23529411764706,0
10849,AbogneDEVERAPio,41962,BRAND SERVER OPTIONS,60.60606060606061,0
33948,RESOURCESCORPORATIONARCLTD,33948,ARC RESOURCES CORPORATION LTD,100.0,1
29526,LIMITEDSHIPPINGENERGYHONGKONGSINO,29526,SINO ENERGY SHIPPING HONGKONG LIMITED,100.0,1
22483,MarwanTahHussaynALAZAWIIbrahim,21952,"HUSAYN, 'Ali",80.0,0
46491,MONGECAROJesusJoseGil,46491,"CARO MONGE, Jesus Jose Gil",100.0,1
51457,COMPANYPARITETJOINTRDCSTOCK,49314,PARITET,90.0,0
43195,HENGCHENGBEIJINGXINGHUALIMITEDCOMPANYTECHNOLOGYDEVELOPMENT,43195,BEIJING XINGHUA HENGCHENG TECHNOLOGY DEVELOPMENT COMPANY LIMITED,87.6923076923077,1
37267,PORCHASCAMACHOJesusFrancisco,37267,"CAMACHO PORCHAS, Jesus Francisco",92.06349206349206,1
15001,IsidroFaustoFLORESMEZA,49978,ATOL,67.5,0
30961,MUSAalSayyidIbrahimYahya,30961,"MUSA, Yahya al-Sayyid Ibrahim",79.16666666666666,1
52014,PUBLICPRODUCTIONOFCOMPANYFORMAGNEZITREFRACTORIESTHESTOCKKOMBINATJOINT,52014,PUBLIC JOINT STOCK COMPANY FOR THE PRODUCTION OF REFRACTORIES KOMBINAT MAGNEZIT,88.19875776397515,1
18751,BROKERINSURANCELIMITEDCOMPANYSBERBANKLIABILITY,18751,LIMITED LIABILITY COMPANY SBERBANK INSURANCE BROKER,84.61538461538461,1
49527,LIABILITYCOMPANYTRANSGAZMURMANSKLIMITED,49527,LIMITED LIABILITY COMPANY MURMANSK TRANSGAZ,91.95402298850574,1
49278,COMPANYLIABILITYKINGISEPSKYBUILDINGMACHINELIMITEDPLANT,49278,LIMITED LIABILITY COMPANY KINGISEPSKY MACHINE BUILDING PLANT,86.1788617886179,1
48899,ELEKTRONIKEKIPMANLIMITEDGQSIRKETISOLUTION,48899,GQ SOLUTION ELEKTRONIK EKIPMAN LIMITED SIRKETI,75.60975609756098,1
18570,JorgeBERRIOOswaldoZAPATA,18570,"ZAPATA BERRIO, Jorge Oswaldo",87.27272727272728,1
26744,CREDITLIABILITYFINANCIALRUSSIANCOMPANYSOCIETYORGANIZATIONNONBANKLIMITED,26744,LIMITED LIABILITY COMPANY NON-BANK CREDIT ORGANIZATION RUSSIAN FINANCIAL SOCIETY,94.33962264150944,1
41618,CVSADEGROUPDIAMONDATLANTIC,41618,"ATLANTIC DIAMOND GROUP, S.A. DE C.V.",90.32258064516128,1
46503,SERVICECARGOCENTERAO,46503,AO CARGO SERVICE CENTER,100.0,1
46637,SIRKETITICARETVELIMITEDOTOMOTIVEGETIRSANAYI,8404,T.E.G. LIMITED,81.0,0
50732,MATERIELMILITARYARMAMENTOFFORTESTINGPROFITNONANDANDINSTITUTEORGANIZATIONAUTONOMOUSCERTIFICATION,50732,AUTONOMOUS NON PROFIT ORGANIZATION INSTITUTE FOR TESTING AND CERTIFICATION OF ARMAMENT AND MILITARY MATERIEL,95.85253456221197,1
7262,EASTERNISLAMICTURKISTANMOVEMENT,7262,EASTERN TURKISTAN ISLAMIC MOVEMENT,100.0,1
43278,LIABILITYPORTCOMPANYLIMITEDSSK,43278,LIMITED LIABILITY COMPANY SSK PORT,98.55072463768117,1
50284,SOTVETSTVENNOSTIUNORGAURUSSLANDOGRANICHENNOIOBSHCHESTVO,30503,"WANG, Chen",67.5,0
16625,VALLEAlonsoVALLELuis,16625,"VALLE VALLE, Luis Alonso",100.0,1
26822,IMAMBANDARPETROCHEMICALFARAVARESHCOMPANY,15950,BANDAR IMAM PETROCHEMICAL COMPANY,82.5,0
49824,SUPERKLICDECVSATIENDAS,7600,UNIDAS S.A.,60.00000000000001,0
33990,ZVECAN028RADDOO,33992,RAD D.O.O.,90.0,0
13407,IgnacioJuanGASTELUMESPARRAGOZA,13407,"ESPARRAGOZA GASTELUM, Juan Ignacio",65.71428571428571,0
44264,GMBHNAIEUROPEKGENERGYCO,44264,NAI ENERGY EUROPE GMBH & CO. KG,100.0,1
51399,COGNITIVEDESIGNPRODUCTIONCENTER,51399,COGNITIVE DESIGN PRODUCTION CENTER,100.0,1
48073,ROBLEDOMayreAdileneARREDONDO,48073,"ROBLEDO ARREDONDO, Adilene Mayre",71.42857142857143,0
23151,LTDMARINEDAWNMANAGEMENTCO,23151,DAWN MARINE MANAGEMENT CO LTD,100.0,1
48809,NUMERICALANYANGCONTROLCOPRESSLTDFORGINGEQUIPMENT,48809,ANYANG FORGING PRESS NUMERICAL CONTROL EQUIPMENT CO LTD,100.0,1
46664,BEARINGSREDNEVOLZHSKYCOMPANYLIMITEDLIABILITYPLANT,46664,LIMITED LIABILITY COMPANY SREDNEVOLZHSKY BEARING PLANT,91.89189189189189,1
40318,MORINFORMSYSTEMJOINTCOMPANYCONCERNAGATSTOCK,40318,CONCERN MORINFORMSYSTEM AGAT JOINT STOCK COMPANY,78.78787878787878,1
44461,LTDPVTSTALLIONSSOUTHERN,44461,SOUTHERN STALLIONS PVT LTD,94.33962264150944,1
47584,LIABILITYFAWARISLIMITEDCOMPANY,47584,FAWARIS LIMITED LIABILITY COMPANY,88.23529411764706,1
49347,VEIHRACATDISDENERSIRKETIITHALATANONIMTICARET,49314,PARITET,65.45454545454547,0
9347,CORPORATIONGENERALRYONBONGKOREA,9347,KOREA RYONBONG GENERAL CORPORATION,80.0,1
22267,HashimAydarusALHAMIDMuhsin,23628,HASM,77.14285714285715,0
42084,LIABILITYLIMITEDTECHNOLOGIESCOMPANYLAND,42084,LIMITED LIABILITY COMPANY LAND TECHNOLOGIES,100.0,1
51212,AVIAAVTOMATIKAKONSTRUKTORSKOEOPITNOCOMPANYLIABILITYLIMITEDBUREAU,8404,T.E.G. LIMITED,72.0,0
41179,RLCVDERHDELITMANS,41179,"RH LITMAN, S. DE R.L. DE C.V.",78.26086956521739,1
8595,AhmadMAKKIAbdullahJaffar,8595,"MAKKI, Jaffar Ahmad Abdullah",85.71428571428572,1
49388,RUSOLOVOCOMPANYSTOCKJOINTPUBLIC,49388,PUBLIC JOINT STOCK COMPANY RUSOLOVO,91.66666666666666,1
11610,METALMINERALTRADESARL,11610,METAL & MINERAL TRADE S.A.R.L.,100.0,1
18750,SBERBANKCOMPANYLIMITEDCOMPANYLIABILITYINSURANCEINSURANCE,18750,INSURANCE COMPANY SBERBANK INSURANCE LIMITED LIABILITY COMPANY,87.3015873015873,1
45739,DOROZHNYEKOMPLEKSNYEZAVODMASHINY,29542,"SHI, Min",65.45454545454547,0
49823,DEMULTISERVICIOSCOMBUSTIBLECVENDEVERACRUZSAMAYE,49823,"MULTISERVICIOS EN COMBUSTIBLE MAYE DE VERACRUZ, S.A. DE C.V.",82.97872340425532,1
11914,JuanCABALLEROVELASQUEZDaniel,11914,"VELASQUEZ CABALLERO, Juan Daniel",88.88888888888889,1
49462,SIRKETITICARETKOCGEMICILIKLIMITEDDISVETASIMACILIK,48763,IPM LIMITED,72.0,0
48006,COMPANYLIMITEDLIABILITYINTERNATIONALHOLDINGSTEELTMK,48006,INTERNATIONAL LIMITED LIABILITY COMPANY TMK STEEL HOLDING,100.0,1
18568,THEROCKETPEOPLESKOREANSTRATEGICOFFORCEARMY,18568,STRATEGIC ROCKET FORCE OF THE KOREAN PEOPLE'S ARMY,100.0,1
42456,BHDPASNASNDINTERNATIONALGROUP,42456,PASNA INTERNATIONAL GROUP SND. BHD,79.41176470588236,1
47269,ESTABLISHMENTANDALGENERALTRADINGSALAMAGENCIES,47269,AL SALAM TRADING AND AGENCIES GENERAL ESTABLISHMENT,100.0,1
28009,SOCIEDADANONIMAINVERSIONESZANZIBAR,44118,"WIV, SOCIEDAD ANONIMA",81.81818181818181,0
33677,PRIMECHEERLTDCORPORATION,33677,PRIME CHEER CORPORATION LTD.,100.0,1
51547,LIMITEDPETROLSAOCOMPANYTRANSPORTATIONVIET,51547,SAO VIET PETROL TRANSPORTATION COMPANY LIMITED,100.0,1
47469,SOBSHCHESTVOOTVETSTVENNOSTYUOGRANICHENNOIMETALLOOBRABOTKA,47469,OBSHCHESTVO S OGRANICHENNOI OTVETSTVENNOSTYU METALLOOBRABOTKA,75.43859649122807,1
45000,COMPANYLIMITEDLIABILITYGORNAYAKOMPANIYATAYMYRSKAYA,49171,LKKA COMPANY LIMITED,78.75,0
47781,COMPANYLIMITEDOILSERVICESLIABILITYTMKFIELD,47781,LIMITED LIABILITY COMPANY TMK OIL FIELD SERVICES,100.0,1
50316,MAIGEOPROMLIABILITYCOMPANYLIMITED,50316,LIMITED LIABILITY COMPANY MAIGEOPROM,89.1891891891892,1
25435,LINESGULFSHIPPINGPERSIANLTD,25435,PERSIAN GULF SHIPPING LINES LTD,100.0,1
32492,FayyadAhmadIhsanALHAYES,22060,"AHMAD, Hasan",81.0,0
27973,SULTANALCOMPANYMONEYTRANSFER,27973,AL SULTAN MONEY TRANSFER COMPANY,100.0,1
23892,TRADERMATSUNICHICAOIL,23892,"MATSUNICHI OIL TRADER, C.A.",73.46938775510203,0
44661,PEIPTEENERGYLTD,44661,P.E.I ENERGY PTE. LTD.,100.0,1
49430,LIABILITYCOMPANYELGALOGISTICSLIMITED,48313,LIMITED LIABILITY COMPANY STG LOGISTIC,88.60759493670886,0
39489,DERECSERVISACV,39489,"RECSERVI, S.A. DE C.V.",85.71428571428572,1
28538,SANOVERASARLPHARMCOMPANY,28538,SANOVERA PHARM COMPANY SARL,83.33333333333334,1
18132,DalaithyWendyAMARALAREVALO,18132,"AMARAL AREVALO, Wendy Dalaithy",83.33333333333334,1
47895,LIABILITYHUBCOMPANYINNOVATIONLIMITED,47895,INNOVATION HUB LIMITED LIABILITY COMPANY,100.0,1
52605,TECHNOLOGIESJIANGSULTDCOMPANYENVIRONMENTALKUNYEE,52605,JIANGSU KUNYEE ENVIRONMENTAL TECHNOLOGIES COMPANY LTD,93.45794392523365,1
29105,TARASTEELTRADINGGMBH,29105,TARA STEEL TRADING GMBH,100.0,1
47370,INCORPORATEDNSSHIPPINGLEADER,47370,NS LEADER SHIPPING INCORPORATED,100.0,1
27484,RamonAntonioAVELLANMEDAL,27484,"AVELLAN MEDAL, Ramon Antonio",67.85714285714286,0
43519,LIMITEDPRIVATEARVANNAVYANCOMPANYABR,43519,NAVYAN ABR ARVAN PRIVATE LIMITED COMPANY,85.36585365853658,1
38157,INSTITUTEJSCSUBMICRONRESEARCHSCIENTIFIC,38157,JSC SCIENTIFIC RESEARCH INSTITUTE SUBMICRON,85.0574712643678,1
29861,HOTELMANAGEMENTSYRIANLLC,29861,SYRIAN HOTEL MANAGEMENT LLC,100.0,1
40261,DONETSKSITUATIONSOFREPUBLICEMERGENCYOFTHEMINISTRYPEOPLES,40261,MINISTRY OF EMERGENCY SITUATIONS OF THE DONETSK PEOPLE'S REPUBLIC,100.0,1
52179,FONDORGANIZATSIYAPROGRAMMINVESTITSIONNYKHNEKOMMERCHESKAYA,29101,"M INVEST, OOO",63.0,0
15521,DESARROLLOSSADECVEVEREST,15521,"DESARROLLOS EVEREST, S.A. DE C.V.",75.0,0
45043,LIMITEDTRIBITCOMPANYLIABILITY,45983,LIMITED LIABILITY COMPANY TSRTI,90.625,0
25961,KABIRKARANNICKELPARS,25961,PARS NICKEL KARAN KABIR,100.0,1
47270,TRADEINVESTMENTSABASRO,47270,"SABA, TRADE & INVESTMENT S.R.O.",81.81818181818181,1
45251,MENEDZHMENTLLCMOSENESSET,50227,LLC MOT,75.00000000000001,0
47776,HELILIMITEDINTERNATIONALPROSERVICES,47776,PRO HELI INTERNATIONAL SERVICES LIMITED,93.67088607594937,1
45553,DOOLIBERTYLAKTASIGLOBAL,45553,GLOBAL LIBERTY D.O.O. LAKTASI,80.0,1
37690,SCIENTIFICCOMPANYCLOSEDPRODUCTIONJOINTSTOCKTOPAZENTERPRISE,37690,CLOSED JOINT-STOCK COMPANY SCIENTIFIC PRODUCTION ENTERPRISE TOPAZ,91.47286821705426,1
37791,COMPANYTECHNOLOGYJOINTOPENSTOCKRTPROJECT,37791,RT-PROJECT TECHNOLOGY OPEN JOINT STOCK COMPANY,81.31868131868131,1
30588,RamiroGARCIAMarvinAGUILAR,30588,"AGUILAR GARCIA, Marvin Ramiro",100.0,1
32678,GRODNOFACTORYOPENTOBACCOCOMPANYNEMANJOINTSTOCK,32678,OPEN JOINT-STOCK COMPANY GRODNO TOBACCO FACTORY NEMAN,84.90566037735849,1
49682,OULLCCNTRADING,40960,NORD TRADING L.L.C,84.84848484848484,0
26466,TRAVELSMILEPROPERTYLTD,26466,SMILE PROPERTY & TRAVEL LTD,100.0,1
51971,COMPANYPOLARLIABILITYLITHIUMLIMITED,51971,LIMITED LIABILITY COMPANY POLAR LITHIUM,100.0,1
10118,BUSINESSLAKESGREATCOMPANY,10118,GREAT LAKES BUSINESS COMPANY,100.0,1
47619,AVBISLIMITEDLIABILITYCOMPANY,51073,AVIEK LIMITED LIABILITY COMPANY,92.85714285714286,0
11880,YAGUILARAGUILARLTDACIA,11880,AGUILAR AGUILAR Y CIA. LTDA.,92.3076923076923,1
38059,COMPANYLIABILITYLIMITEDRBESTEIT,51063,ELIT LIMITED LIABILITY COMPANY,86.56716417910448,0
50980,HAVACILIKSAVUNMAVETICARETSANAYIANONIMSERKETIMIREX,50980,MIREX HAVACILIK VE SAVUNMA SANAYI TICARET ANONIM SERKETI,73.46938775510203,0
13115,SADRAMARINEIRANINDUSTRIALCOMPANY,13115,"IRAN MARINE INDUSTRIAL COMPANY, SADRA",95.89041095890411,1
46643,MACHINERYSINOCOLTD,46643,"SINO MACHINERY CO., LTD.",95.23809523809523,1
12741,FORCESYRIANINTELLIGENCEAIR,12741,SYRIAN AIR FORCE INTELLIGENCE,100.0,1
52307,GENERALALEXCHANGEHAZMIPARTNERSHIPALCOMPANYHAZMIANDKHALEDBROTHER,12583,AL ADAL EXCHANGE,77.14285714285715,0
7883,ZimamabdalRazzaqMuhammadALSADUN,22113,"'ALI, Muhammad",73.63636363636364,0
30851,COCOMBINEIRANMANUFACTURING,30851,IRAN COMBINE MANUFACTURING CO.,100.0,1
37257,AngelHUERTAMORGANMiguel,37257,"MORGAN HUERTA, Miguel Angel",100.0,1
45068,COMPANYLIABILITYLIMITEDMV,45068,LIMITED LIABILITY COMPANY MV,100.0,1
44211,TREIDVOSTOKAOINVEST,44211,AO VOSTOK TREID INVEST,93.33333333333333,1
37779,ENTERPRISEPRODUCTIONSTOCKCOMPANYJOINTSCIENTIFICKONTAKT,37779,JOINT STOCK COMPANY SCIENTIFIC PRODUCTION ENTERPRISE KONTAKT,91.80327868852459,1
40817,COMPANYLIMITEDATLASESTATELIABILITYREAL,40817,LIMITED LIABILITY COMPANY ATLAS REAL ESTATE,100.0,1
41129,COSCLTDPTYTRADE,41129,"S&C TRADE PTY CO., LTD",84.21052631578947,1
51072,MARINEALYASENDIRIANBERHAD,51072,ALYA MARINE SENDIRIAN BERHAD,84.0,1
7286,VERGELELLTDAGANADERIA,47420,DATANA,75.00000000000001,0
8407,TARIQSHANABABUCOMMERCETRADEESTFOR,8407,TARIQ ABU SHANAB EST. FOR TRADE & COMMERCE,97.43589743589743,1
52535,COMPANYKERAMAXJOINTSTOCK,52535,JOINT STOCK COMPANY KERAMAX,92.85714285714286,1
40498,LinNGBeeSerena,40498,"NG, Serena Bee Lin",88.23529411764706,1
20904,TROCHEZJoseZULETAOscar,20904,"ZULETA TROCHEZ, Jose Oscar",74.07407407407408,0
13011,DEHOSPITALARIASAMEDICACVDISTRIBUIDORA,13010,"DISTRIBUIDORA LIFE, S.A.",73.125,0
18795,OTKRYTOENOVOVYATKAAKTSIONERNOEOBSHCHESTVO,31611,AKTSIONERNOE OBSHCHESTVO AST,84.48979591836735,0
35885,STOCKJOINTGLOBUSBJURORYAZANSKOECOMPANYKONSTRUKTORSKOE,22990,"KO, Chol Man",70.00000000000001,0
32496,RaymundoMARRUFOCABRERAMiguel,32496,"MARRUFO CABRERA, Miguel Raymundo",78.125,1
52215,COMPANYITALIABILITYTECHNOLOGYLIMITED,52215,LIMITED LIABILITY COMPANY ITA TECHNOLOGY,96.2962962962963,1
51144,SYSTEMSLASERCOMPANYLIMITEDPRECISIONLIABILITY,51144,LIMITED LIABILITY COMPANY PRECISION LASER SYSTEMS,100.0,1
11543,GONZALEZEnriqueHOYOSCarlos,11543,"GONZALEZ HOYOS, Carlos Enrique",98.30508474576271,1
49439,LIMITEDLIABILITYKOULSTARCOMPANY,44883,LIMITED LIABILITY COMPANY KEKO R,89.55223880597015,0
49366,LIMITEDNALCOMPANYSOLUTIONS,49366,NAL SOLUTIONS COMPANY LIMITED,100.0,1
11185,SILVAJesusHenrydeRANGEL,11185,"RANGEL SILVA, Henry de Jesus",100.0,1
35349,COMPANYBYUROCORPORATIONRESEARCHANDPRODUCTIONKONSTRUKTORSKOYESTOCKJOINTMASHYNOSTROYENIYA,7658,BIO CORPORATION,77.14285714285715,0
51063,ELITLIABILITYCOMPANYLIMITED,51063,ELIT LIMITED LIABILITY COMPANY,100.0,1
25783,LINESOFSHIPPINGCHINAIRANREPUBLICISLAMIC,25783,ISLAMIC REPUBLIC OF IRAN - CHINA SHIPPING LINES,100.0,1
33995,METALBINEDELJKOVICPTPSINISA,33875,"NEDELJKOVIC, Sinisa",77.27272727272727,0
50140,KONGTRADINGHONGLIMITEDYAYANG,50140,HONG KONG YAYANG TRADING LIMITED,98.46153846153847,1
38376,COLTDTRANSPORTATIONSTORAGEZHONGGUAND,38376,"ZHONGGU STORAGE AND TRANSPORTATION CO., LTD.",91.56626506024097,1
16651,YolChanuongMANGOKMarial,23504,"JONG, Man Bok",72.0,0
43273,CONSULTORIABLOCKCHAINLDANOVO,43273,NOVO BLOCKCHAIN CONSULTORIA LDA,80.0,1
37522,OFELECTROMECHANICSJSCAUTOMATICSINSTITUTEMOSCOWAND,37522,MOSCOW INSTITUTE OF ELECTROMECHANICS AND AUTOMATICS JSC,82.88288288288288,1
11471,MarthaVELASQUEZMUNERAMarina,11471,"MUNERA VELASQUEZ, Martha Marina",88.52459016393442,1
49433,LIMITEDLIABILITYCOMPANYELGAUGOL,49433,LIMITED LIABILITY COMPANY ELGAUGOL,100.0,1
52123,KHANTOSLIABILITYLIMITEDCOMPANYGAZPROMNEFT,44916,LIMITED LIABILITY COMPANY GAZPROM NEDRA,81.81818181818181,0
44982,KatarzynaEwaPAWLOWSKAHANAFIN,44982,"PAWLOWSKA HANAFIN, Katarzyna Ewa",83.07692307692307,1
37803,FERRITINSTITUTESCIENTIFICDOMENANDRESEARCH,37803,SCIENTIFIC AND RESEARCH INSTITUTE FERRIT DOMEN,87.2340425531915,1
30583,PierreJosephRichardDUPLAN,30583,"DUPLAN, Joseph Pierre Richard",91.22807017543859,1
51161,INDIAPRIVATELIMITEDAVIATIONASCEND,51161,ASCEND AVIATION INDIA PRIVATE LIMITED,100.0,1
43099,COMPANYJOINTPOLYUSALDANSTOCK,43099,JOINT STOCK COMPANY POLYUS ALDAN,81.81818181818181,1
51670,BANKRFJOINTCOMPANYDOMSTOCK,51670,JOINT STOCK COMPANY BANK DOM RF,100.0,1
46033,LIMITEDCOMPANYKUTUZOVSKIYQUALIFIEDDEVELOPERLIABILITY16,46033,QUALIFIED DEVELOPER KUTUZOVSKIY 16 LIMITED LIABILITY COMPANY,84.55284552845528,1
7618,HernandoLuisALVAREZMONTANO,7618,"MONTANO ALVAREZ, Luis Hernando",93.33333333333333,1
52297,MuhammadSaidABDALWADUDWail,52297,"ABD-AL-WADUD, Wail Muhammad Said",96.66666666666667,1
43083,LLEFZEPRIVATEHURIYA,43083,HURIYA PRIVATE FZE LLE,80.85106382978724,1
50351,LIMITEDLIABILITYCOMPANYSOLGROUP,50351,LIMITED LIABILITY COMPANY SOL GROUP,100.0,1
47433,OAOKRASNOARMEYSKIYZAVODMEKHANICHESKIY,47433,OAO KRASNOARMEYSKIY MEKHANICHESKIY ZAVOD,86.48648648648648,1
22752,JesusSUAREZRafaelCHOURIO,22752,"SUAREZ CHOURIO, Jesus Rafael",87.27272727272728,1
50770,SCIENTIFICSTOCKANDAVIONICACOMPLEXPRODUCTIONUSPENSKYMOSCOWOJOINTCOMPANYOFV,50770,JOINT STOCK COMPANY MOSCOW SCIENTIFIC AND PRODUCTION COMPLEX OF AVIONICA O V USPENSKY,83.9080459770115,1
19890,OFSTATELIBYAANDISLAMICINIRAQASHSHAM,19890,ISLAMIC STATE OF IRAQ AND ASH-SHAM IN LIBYA,89.41176470588236,1
40765,MARUNSUPPLEMENTALINDUSTRIESCOMPANY,40765,MARUN SUPPLEMENTAL INDUSTRIES COMPANY,100.0,1
48735,COMPANYPRIVATEASEMANSANATSHARIFPISHRO,48735,PISHRO SANAT ASEMAN SHARIF PRIVATE COMPANY,79.54545454545455,1
49724,VANEGASKarenHERNANDEZStefany,49724,"HERNANDEZ VANEGAS, Karen Stefany",78.125,1
17812,AlcidesMiguelVIVASLANDINO,17812,"VIVAS LANDINO, Miguel Alcides",91.22807017543859,1
9329,IbrahimYasirHasanALTIKRITISabawi,17036,"IBRAHIM, Ayman",77.14285714285715,0
19811,FayhanAbdallahHadiALANIZISharbanalRahmanAbd,22163,"AL-HASAN, Abdallah",74.48275862068967,0
50164,SOTVETSTVENNOSTYUOBSHCHESTVODEVELOPMENTNNOGRANICHENNOI,45766,CSOFT DEVELOPMENT,73.125,0
44241,GMBHOZEANKGSPEZIALTIEFBAUHORIZONTCO,44241,OZEAN HORIZONT SPEZIALTIEFBAU GMBH & CO. KG,73.5632183908046,0
10651,COMERCIALDECVJOANASA,10651,"COMERCIAL JOANA, S.A. DE C.V.",80.0,1
51667,BANKNATIONALSTOCKSTANDARDCOMPANYJOINT,51667,NATIONAL STANDARD BANK JOINT STOCK COMPANY,100.0,1
37489,FaisalYusufAbdallahSABRI,37489,"SABRI, Abdallah Yusuf Faisal",82.14285714285714,1
28932,CVDEDERLGROUPSCHLAGERSBUSINESS,28932,SCHLAGER BUSINESS GROUP S. DE R.L. DE C.V.,79.45205479452055,1
11849,EXPRESSDELTDACARGAMODERNATRANSPORTE,11849,MODERNA EXPRESS TRANSPORTE DE CARGA LTDA.,83.33333333333334,1
46644,COMPANYLIMITEDBITVANLIABILITY,40820,LIMITED LIABILITY COMPANY NEW CITY,89.55223880597015,0
11484,SADEPANAMACONDORAERONAUTICA,11484,"AERONAUTICA CONDOR DE PANAMA, S.A.",91.80327868852459,1
43237,OOODOMTORGOVYIPROMELECTRONIKA,43237,TORGOVYI DOM PROMELECTRONIKA OOO,79.3103448275862,1
23667,LIMITEDGHANATRADESTAR,23667,STAR TRADE GHANA LIMITED,100.0,1
36012,TICARETASBVEGRUPANONIMSIRKETIENERJISANAYI,24652,ERPSCAN,64.28571428571429,0
45348,NEWBANGDEYACOTECHNOLOGYJIANGSULTDMATERIAL,45348,"JIANGSU BANGDEYA NEW MATERIAL TECHNOLOGY CO., LTD.",89.58333333333334,1
16847,COCHARWHITEZHONGCHUANGDALIANLTD,49836,"ZHUANG, Liang",73.63636363636364,0
43245,COMPANYLIMITEDLIABILITYFEMILIOFIS,47930,LIMITED LIABILITY COMPANY ELIKS M,86.11111111111111,0
25698,PaulinaAnaBARAJASSAHD,48526,LASSARD,69.23076923076923,0
52126,REFINERYSTOCKOMSKCOMPANYGAZPROMNEFTJOINT,52126,GAZPROMNEFT OMSK REFINERY JOINT STOCK COMPANY,89.13043478260869,1
26820,PETROCHEMICALBESPARANCOMPANYBANDARIMAM,26824,BANDAR IMAM KHARAZMI PETROCHEMICAL COMPANY,86.04651162790698,0
44084,SCIENTIFICRUSSIANSCIENCEINSTITUTIONFEDERALCENTERKAZANACADEMYOFFEDERALOFTHECENTERSCIENCESSTATEBUDGETARYRESEARCHOF,44084,FEDERAL STATE BUDGETARY INSTITUTION OF SCIENCE FEDERAL RESEARCH CENTER KAZAN SCIENTIFIC CENTER OF THE RUSSIAN ACADEMY OF SCIENCES,100.0,1
31531,OvidioREYESRAMIREZLeonardo,31531,"REYES RAMIREZ, Leonardo Ovidio",76.92307692307692,1
33232,QasabiLARIRidhaAli,33232,"LARI, 'Ali Ridha Qasabi",72.72727272727273,0
49405,LIMITEDCOMPANYLIABILITYKORNET,49405,LIMITED LIABILITY COMPANY KORNET,92.3076923076923,1
22245,TRADEGANGCOQUANSHANGHAI,22245,SHANGHAI GANG QUAN TRADE CO.,100.0,1
15951,ALICOMPANYSINABUPETROCHEMICAL,30394,ALIAF COMPANY,81.81818181818181,0
30884,YusufSultanHasanALARIF,30884,"AL-'ARIF, Sultan Yusuf Hasan",90.19607843137256,1
23707,SHIPPINGACHIMCOKOREA,23707,KOREA ACHIM SHIPPING CO,85.1063829787234,1
47692,COMPANYLIABILITYLIMITEDMP,47692,MP LIMITED LIABILITY COMPANY,100.0,1
46693,PROMTEKHJOINTCOMPANYSTOCKIRKUTSK,46693,JOINT STOCK COMPANY PROMTEKH IRKUTSK,86.48648648648648,1
41258,JoelSALAZARBALLESTEROSAlexandro,41258,"SALAZAR BALLESTEROS, Joel Alexandro",91.42857142857143,1
589,CRYMSASAARGENTINA,589,"CRYMSA - ARGENTINA, S.A.",88.23529411764706,1
52206,LIABILITYAVIALYUKSSERVISCOMPANYLIMITED,47771,LIMITED LIABILITY COMPANY RIMERA SERVIS,80.95238095238095,0
40573,PRIMEANDSECURITYDEVELOPMENT,40573,PRIME SECURITY AND DEVELOPMENT,100.0,1
40176,PRODUCTIONENTERPRISELLCPRIMARESEARCH,40176,LLC RESEARCH & PRODUCTION ENTERPRISE PRIMA,100.0,1
51526,LLCGASSERVICEANDOFENERGYOIL,51526,ENERGY OF OIL AND GAS SERVICE LLC,100.0,1
26077,ALBOSTANISaadMeshalM,26077,"ALBOSTANI, Meshal Saad M.",80.0,1
32731,COMPANYFRONTLIABILITYLIMITEDDUBAIWATER,32731,LIMITED LIABILITY COMPANY DUBAI WATER FRONT,100.0,1
11539,AbdulALVARADORahimImad,11539,"ALVARADO, Imad Abdul Rahim",69.23076923076923,0
7874,HassanALSADIAmirHamudi,23628,HASM,77.14285714285715,0
24977,TECHNOLOGYYANBIANNETWORKCOLTDSILVERSTAR,24977,"YANBIAN SILVERSTAR NETWORK TECHNOLOGY CO., LTD.",86.66666666666667,1
46048,PRESSMASHLIABILITYASSOCIATIONMACHINELIMITEDCOMPANYBUILDING,46048,LIMITED LIABILITY COMPANY MACHINE BUILDING ASSOCIATION PRESSMASH,93.02325581395348,1
47751,JOINTCONTAINERCOMPANYCHEMICALPLANTVERKHNYAYASALDASTOCK,47751,JOINT STOCK COMPANY VERKHNYAYA SALDA CHEMICAL CONTAINER PLANT,87.09677419354838,1
49817,BAGUETTECVDEKLICSACOMERCIALIZADORA,12185,COMERCIALIZADORA GONRA,77.83783783783784,0
8593,RELIEFAFRICANAGENCYISLAMIC,8593,ISLAMIC AFRICAN RELIEF AGENCY,100.0,1
23133,EnriqueCUEVASQUINTEROCarlos,23133,"QUINTERO CUEVAS, Carlos Enrique",91.80327868852459,1
42302,OFLIMITEDARTHOUSE,42302,HOUSE OF ART LIMITED,97.43589743589743,1
47574,SYSTEMSJOINTSPACECOMPANYSTOCKGAZPROM,47574,JOINT STOCK COMPANY GAZPROM SPACE SYSTEMS,100.0,1
40942,AGAKUSSWISSTEC3D,40942,SWISSTEC 3D AKUS AG,82.92682926829268,1
48486,PROJECTSTOCKSEACOMPANYJOINT,48486,JOINT STOCK COMPANY SEA PROJECT,100.0,1
47177,FarajALHAMIDAWIMuhsinAwqad,22170,"FARAJ, Hala",80.0,0
21114,SAFOLKLORCANTINAYDECVRESTAURANT,21114,"RESTAURANT FOLKLOR Y CANTINA, S.A. DE C.V.",68.42105263157895,0
48823,VEDISTICARETASAYICLIMITEDSIRKETI,50131,FEVA DIS TICARET LIMITED SIRKETI,83.33333333333334,0
47342,MuhammadFadlAbdALNABI,47342,"AL-NABI, Muhammad Fadl Abd",79.16666666666666,1
46823,LIMITEDTECHNOLOGY5CO,46823,"TECHNOLOGY 5 CO., LIMITED",100.0,1
11481,LOSSANTOSAGROGANADERASA,11279,"LAO, Ssu",72.0,0
7324,MOROCCANGROUPCOMBATANTISLAMIC,7324,MOROCCAN ISLAMIC COMBATANT GROUP,100.0,1
47995,LTDMAIWECOMMUNICATIONCOWUHAN,47995,WUHAN MAIWE COMMUNICATION CO LTD,98.46153846153847,1
50969,LIABILITYLIMITEDISONORBITALRESEARCHCOMPANYDYNAMICSINSTITUTION,50969,LIMITED LIABILITY COMPANY RESEARCH INSTITUTION ISON ORBITAL DYNAMICS,96.35036496350365,1
49393,LIABILITYPRAVOURMISKOECOMPANYLIMITED,44883,LIMITED LIABILITY COMPANY KEKO R,81.57894736842105,0
44879,BUILDINGPLANTMACHINECOMPANYTONARLIMITEDLIABILITY,44879,LIMITED LIABILITY COMPANY MACHINE BUILDING PLANT TONAR,93.57798165137613,1
36098,JOINTCOMPANYSTOCKSUDOEXPORT,36098,JOINT STOCK COMPANY SUDOEXPORT,81.4814814814815,1
50342,YAKUTIALIQUIFIEDCOMPANYLIMITEDLIABILITYNATURALGAS,50342,LIMITED LIABILITY COMPANY LIQUIFIED NATURAL GAS YAKUTIA,89.28571428571429,1
49924,SHENZHENTECHNOLOGYRIONLTDCO,49924,"SHENZHEN RION TECHNOLOGY CO., LTD.",100.0,1
35875,810REPAIRJOINTSTOCKAIRCRAFTPLANTCOMPANY,35875,JOINT STOCK COMPANY 810 AIRCRAFT REPAIR PLANT,100.0,1
9541,LTDSIAMCOMPANYNICE,9541,SIAM NICE COMPANY LTD.,100.0,1
37797,AKTSIONERNOEPROMYSHLENNOGOINSTITUTISSLEDOVATELSKIINAUCHNORASTROBSHCHESTVOTELEVIDENIYA,37797,AKTSIONERNOE OBSHCHESTVO NAUCHNO ISSLEDOVATELSKII INSTITUT PROMYSHLENNOGO TELEVIDENIYA RASTR,65.88235294117646,0
12418,GonzaloGermanREYSANCHEZ,12418,"SANCHEZ REY, German Gonzalo",100.0,1
46676,VOLGOGRADPROMPROEKTLIABILITYCOMPANYLIMITED,45993,LIMITED LIABILITY COMPANY RADIO REKLAMA VOLOGDA,79.16666666666666,0
7167,AMEZQUITAMariaFREGOSOAntonieta,7167,"FREGOSO AMEZQUITA, Maria Antonieta",76.66666666666666,1
50240,DESIGNMACHINECHEMICALOFBUREAUKBKHMBUILDING,50240,DESIGN BUREAU OF CHEMICAL MACHINE BUILDING KBKHM,97.95918367346938,1
10271,JesusALVAREZFredyDELRIOde,10271,"ALVAREZ DEL RIO, Fredy de Jesus",95.08196721311475,1
41058,LIMITEDLIABILITYCOMPANYRUDNIY,41058,LIMITED LIABILITY COMPANY RUDNIY,100.0,1
47539,IT1LIMITEDCOMPANYDIGITALSOLUTIONSLIABILITY,47539,IT1 DIGITAL SOLUTIONS LIMITED LIABILITY COMPANY,96.84210526315789,1
45006,RUSSIANLLCENERGYGROUP,45006,LLC RUSSIAN ENERGY GROUP,100.0,1
43130,COMPANYLIABILITYSHIPPINGARCTICNEWLIMITED,43130,NEW ARCTIC SHIPPING LIMITED LIABILITY COMPANY,100.0,1
12087,ManuelDUQUERAMIREZCarlos,12087,"RAMIREZ DUQUE, Carlos Manuel",100.0,1
52207,COMPANYLIMITEDLITHIUMIONLIABILITY,52207,LIMITED LIABILITY COMPANY LITHIUMION,90.41095890410959,1
47856,BUREAUCONSTRUCTIONSYSTEMSOFINTEGRATEDLIMITEDLIABILITYCOMPANY,47856,LIMITED LIABILITY COMPANY CONSTRUCTION BUREAU OF INTEGRATED SYSTEMS,100.0,1
46720,GOLDSIBERIANTRANSLIMITED,46720,TRANS SIBERIAN GOLD LIMITED,100.0,1
49520,LIABILITYSERVICESAEROSTAGECOMPANYLIMITED,49520,AEROSTAGE SERVICES LIMITED LIABILITY COMPANY,87.64044943820225,1
45993,LIMITEDREKLAMACOMPANYRADIOVOLOGDALIABILITY,45993,LIMITED LIABILITY COMPANY RADIO REKLAMA VOLOGDA,77.55102040816327,1
47572,GRUPPAKTSIONERNOENAVISOBSHCHESTVO,31611,AKTSIONERNOE OBSHCHESTVO AST,77.96610169491525,0
18769,HIGHJSCSYSTEMSNPOPRECISION,18769,JSC NPO HIGH PRECISION SYSTEMS,98.36065573770492,1
49317,FARADCOMPANYLIMITEDLIABILITY,49317,LIMITED LIABILITY COMPANY FARAD,100.0,1
47479,COMPANYMOSCOWLIMITEDARMSCOMPANYLIABILITY,47479,LIMITED LIABILITY COMPANY MOSCOW ARMS COMPANY,100.0,1
19769,KhalifaGHAWILMohamedAhmed,19769,"GHAWIL, Khalifa Mohamed Ahmed",82.75862068965517,1
46435,AKTSIONERNOEOBSHCHESTVOKOMMERCHESKAYAALKORPROIZVODSTVENNAYAMNOGOPROFILNAYAFIRMAZAKRYTOE,44822,AKTSIONERNOE OBSHCHESTVO TASKOM,85.0909090909091,0
44878,AUTOMOTIVEMOSCOWMOSKVICHSTOCKJOINTFACTORYCOMPANY,44878,JOINT STOCK COMPANY MOSCOW AUTOMOTIVE FACTORY MOSKVICH,85.45454545454545,1
52473,MEDIALTDSEERESEARCH,52473,SEE MEDIA RESEARCH LTD,100.0,1
52099,EXPERTCOMPANYLIMITEDTRADINGSIAM,52099,SIAM EXPERT TRADING COMPANY LIMITED,100.0,1
50321,QUANTUMLIABILITYCOMPANYLIMITED,50321,LIMITED LIABILITY COMPANY QUANTUM,100.0,1
48048,AdrianJorgeORTEGAGALLEGOS,48048,"ORTEGA GALLEGOS, Jorge Adrian",100.0,1
8262,BRANCHNETHERLANDSTHEALHARAMAIN,8262,AL-HARAMAIN : THE NETHERLANDS BRANCH,76.47058823529412,1
46915,MuhammadALSAYYIDSarahJamal,46915,"AL-SAYYID, Sarah Jamal Muhammad",77.96610169491525,1
12416,DeysiMOLANOTORRESYamile,12416,"MOLANO TORRES, Deysi Yamile",78.26086956521739,1
28296,REPUTABLELLCTRADINGSOURCE,28296,REPUTABLE TRADING SOURCE LLC,100.0,1
23365,JoseLEONEMiguelMARTINEZ,23365,"LEONE MARTINEZ, Miguel Jose",100.0,1
48261,STARPIONEERBENCONTESTATEREAL,48261,PIONEER BENCONT STAR REAL ESTATE,80.0,1
10640,DESAPATRACACV,10640,"PATRACA, S.A. DE C.V.",69.23076923076923,0
52816,SHIPLIMITEDMARSHALPRIVATEMANAGEMENT,52816,MARSHAL SHIP MANAGEMENT PRIVATE LIMITED,100.0,1
39678,MANAGEMENTLIMITEDSHIPEXPANSE,39678,EXPANSE SHIP MANAGEMENT LIMITED,100.0,1
47429,OTVETSTVENNOSTYUVIKTORIYASOGRANICHENNOIOBSHCHESTVO,30503,"WANG, Chen",67.5,0
52689,DANISMANLIKSIRKETIGAYRIMENKULATLASNOBLEANONIM,51585,ATLAS NNB,78.75,0
49484,YURSKILIMITEDLIABILITYCOMPANY,49484,LIMITED LIABILITY COMPANY YURSKI,90.9090909090909,1
48483,ZAPADCOMPANYINTEGRALSTOCKJOINT,48483,JOINT STOCK COMPANY INTEGRAL ZAPAD,92.7536231884058,1
15968,GLOBALCOLTDSEALINE,15968,GLOBAL SEA LINE CO LTD,81.81818181818181,1
44884,DOOPODROCJUNATEHNOLOGIJEARKTECELEKTRONIKE,42000,MATRIKS ELEKTRONIKA,66.85714285714286,0
49206,HUASHENGCOINDUSTRYSHENZHENLTD,49206,SHENZHEN HUASHENG INDUSTRY CO LTD,83.5820895522388,1
26746,BVBAVOLTRATRANSCORENERGY,26746,VOLTRA TRANSCOR ENERGY BVBA,83.33333333333334,1
46793,TRADINGMANDS,46793,M AND S TRADING,100.0,1
51180,INTERCOMPANYGROUPPODSHIPNIKLIABILITYLIMITED,51180,LIMITED LIABILITY COMPANY INTER PODSHIPNIK GROUP,91.83673469387756,1
19389,ELDINEZAHERHamdi,19389,"ZAHER EL DINE, Hamdi",68.75,0
23777,HONGKONGHUAXINLTDSHIPPING,23777,HUAXIN SHIPPING HONGKONG LTD,93.10344827586206,1
48734,PRIVATECOMPANYALVANDSANAYEMOTORSAZI,48734,SANAYE MOTORSAZI ALVAND PRIVATE COMPANY,74.69879518072288,0
23479,SYSTEMARMANNAMADPARDAZAN,16419,FAN PARDAZAN,77.14285714285715,0
23048,RadwanAliMuhammadQANANHusayn,22113,"'ALI, Muhammad",90.0,0
45922,COMPANYLIABILITYALFAKOMPONENTLIMITED,48612,ALFA LIMITED LIABILITY COMPANY,83.33333333333334,0
49796,CVSADEPERMISIONARIOSTRAVER,51529,ARGOS,72.0,0
42716,AFTEROFOILGROZNYEDUCATIONALSTATEHIGHERMDTECHNICALINSTITUTIONNAMEDSTATEFEDERALMILLIONSHCHIKOVEDUCATIONUNIVERSITYBUDGETARYACADEMICIAN,42716,FEDERAL STATE BUDGETARY EDUCATIONAL INSTITUTION OF HIGHER EDUCATION GROZNY STATE OIL TECHNICAL UNIVERSITY NAMED AFTER ACADEMICIAN M.D. MILLIONSHCHIKOV,91.0299003322259,1
20905,PERALTAEferJoseHIGUITA,20905,"HIGUITA PERALTA, Jose Efer",85.18518518518519,1
49830,TECHNOLOGICALLIMITEDSYSTEMSZVIGENI,49830,ZVIGENI TECHNOLOGICAL SYSTEMS LIMITED,84.21052631578947,1
44787,DISANKASANAYISIRKETIVEICLIMITEDINSAATTICARETLOJISTIKPORT,16319,CEC LIMITED,81.0,0
45939,LIABILITY2COMPANYLIMITEDDECISIONSINVESTMENT,45939,LIMITED LIABILITY COMPANY INVESTMENT DECISIONS 2,100.0,1
30547,POLICEMINSKUNITPURPOSESPECIAL,30547,MINSK SPECIAL PURPOSE POLICE UNIT,100.0,1
49002,HamidOsmanMohamedMOHAMED,49002,"MOHAMED, Osman Mohamed Hamid",100.0,1
35024,ASSETLLCVEBRFMANAGEMENT,35024,LLC VEB.RF ASSET MANAGEMENT,86.79245283018868,1
12206,TTPTEHRIKETALIBANPAKISTAN,6636,TALIBAN,90.0,0
40657,MININGNOENTERPRISE2,40657,MINING ENTERPRISE NO 2,100.0,1
19184,RIVIERAPANAMASALA,19184,"LA RIVIERA, PANAMA, S.A.",88.23529411764706,1
21072,CVBOUNGALOWSVILLAAZULDESA,21072,"BOUNGALOWS VILLA AZUL, S.A. DE C.V.",84.0,1
46006,LIABILITYLIMITEDCOMPANYOMP,47692,MP LIMITED LIABILITY COMPANY,96.55172413793103,0
11884,ShabibKhalafALDULAYMIAhmad,21908,"'ALI, Ahmad",77.14285714285715,0
47813,COMPANYJOINTUZHURALZOLOTOOFPUBLICSTOCKCOMPANIESGROUP,47813,PUBLIC JOINT STOCK COMPANY UZHURALZOLOTO GROUP OF COMPANIES,86.1788617886179,1
30423,GuillermoCarlosAGUSTINSAN,30423,"SAN AGUSTIN, Guillermo Carlos",100.0,1
28230,YSERVICIOSDEINDUSTRIASCONSORCIOSAAERONAUTICASVENEZOLANOAEREOS,11611,IRASCO S.R.L.,70.00000000000001,0
27943,EMPRENDIMIENTOSMISIONESINMOBILIARIOSSA,27943,EMPRENDIMIENTOS INMOBILIARIOS MISIONES S.A.,78.94736842105263,1
26397,DALAIvanHERNANDEZRafael,26397,"HERNANDEZ DALA, Ivan Rafael",80.76923076923077,1
33234,AbdAbdSHAMSAlRahmanAlNabi,33234,"SHAMS, 'Abd Al-Rahman 'Abd Al-Nabi",90.0,1
47538,LIABILITYCOMPANYLIMITEDGPBIT1,46644,LIMITED LIABILITY COMPANY BITVAN,87.87878787878788,0
50534,BeatrizRODRIGUEZRODRIGUEZCaryslia,50534,"RODRIGUEZ RODRIGUEZ, Caryslia Beatriz",78.78787878787878,1
28650,COANDIMPORTSUNLTDEXPORTDALIANGOLDEN,28650,"DALIAN GOLDEN SUN IMPORT AND EXPORT CO., LTD.",100.0,1
48484,LIMITEDLIABILITYLASERFORMCOMPANY,42083,LIMITED LIABILITY COMPANY FORUM,89.55223880597015,0
9387,CVDESACOMERCIALIZADORAAMIA,9387,"COMERCIALIZADORA AMIA, S.A. DE C.V.",76.92307692307692,1
7870,MizbanIbrahimALAZZAWIHikmat,22145,"IBRAHIM, 'Ali",81.0,0
25634,DIDARTOSEEHOLDINGCOMPANYIRANIAN,42309,DIDA,90.0,0
51427,STOCKAKTIVJOINTCOMPANY,48653,IVK JOINT STOCK COMPANY,88.0,0
50407,LIMITEDTECHSTROYKOMPLEKSCOMPANYLIABILITY,50820,LIMITED LIABILITY COMPANY TM TECH,80.0,0
10650,DECVSASINMEXIMPORTADORA,50948,EK IMPORT,78.75,0
21091,GRUPOEMPRESARIALFCCVSADE,21091,"FC GRUPO EMPRESARIAL, S.A. DE C.V.",83.33333333333334,1
49930,ROYOCOTECHNOLOGYSHENZHENLIMITED,49930,SHENZHEN ROYO TECHNOLOGY CO LIMITED,95.77464788732395,1
49942,COMPANYDRONOPORTLIABILITYLIMITED,49434,LIMITED LIABILITY COMPANY PORT ELGA,86.11111111111111,0
8251,GONZALESZEVALLOSMaritzaLupe,8251,"ZEVALLOS GONZALES, Lupe Maritza",67.74193548387098,0
51081,LIMITEDLIABILITYCOMPANYEKVIK,46734,LIMITED LIABILITY COMPANY VMK,92.5925925925926,0
47993,GAMATICARETSANAYILIMITEDSIRKETIICDISVEOLIMPIK,48763,IPM LIMITED,72.0,0
50304,WHITEFZCOFOXSHIPMANAGEMENT,50304,WHITE FOX SHIP MANAGEMENT FZCO,84.61538461538461,1
46815,CatrionaBEUNKimberleyLucinda,46815,"BEUN, Kimberley Catriona Lucinda",73.84615384615385,0
48545,STOCKMANELJOINTCOMPANY,50258,JOINT STOCK COMPANY EKA,87.5,0
7879,IbrahimHassanALTIKRITIWatban,7222,"IBRAHIM, Haji",81.0,0
45953,COMPANYLIMITEDAEROSCANLIABILITY,45953,LIMITED LIABILITY COMPANY AEROSCAN,98.55072463768117,1
24545,FINANCEALBILADINVESTMENTANDBANKISLAMICFORPSC,24545,AL-BILAD ISLAMIC BANK FOR INVESTMENT AND FINANCE P.S.C.,90.38461538461539,1
18321,TRADINGSTATESEAPORTFEODOSIAENTERPRISE,18321,STATE ENTERPRISE FEODOSIA SEA TRADING PORT,91.76470588235294,1
11487,GUADALESTGRUPOSACVDE,18952,GRUPO W S.A.,78.75,0
44603,MahamudALIYANIHASSANAhmed,44603,"HASSAN ALIYANI, Ahmed Mahamud",81.35593220338984,1
50246,COMPANYSTRATIMJOINTSTOCK,50246,JOINT STOCK COMPANY STRATIM,98.18181818181819,1
25464,COTWELFTHGMBHKGOCEAN,25464,TWELFTH OCEAN GMBH & CO. KG,100.0,1
23896,CONTROLSECURITYCAGROUPPLM,23896,"PLM SECURITY CONTROL GROUP, C.A.",100.0,1
49363,LIMITEDCOKONGTAVITHONG,49363,TAVIT HONG KONG CO LIMITED,80.76923076923077,1
26413,DRUGLAUNDERINGGOLDPHARMATRAFFICKINGORGANIZATIONMONEY,26413,GOLDPHARMA DRUG TRAFFICKING & MONEY LAUNDERING ORGANIZATION,94.01709401709401,1
11552,EnriqueORDONEZJorgeRINCON,11552,"RINCON ORDONEZ, Jorge Enrique",71.1864406779661,0
34990,RADARRADARMANAGINGKBHOLDINGOJSCCOMPANYSYSTEM,34990,OJSC KB RADAR-MANAGING COMPANY HOLDING RADAR SYSTEM,76.47058823529412,1
47516,BYSTROBANKCOMPANYPUBLICSTOCKJOINT,51832,JOINT STOCK COMPANY PUBLIC TRUST BANK,88.31168831168831,0
10391,GUARDISLAMICCORPSREVOLUTIONARY,10391,ISLAMIC REVOLUTIONARY GUARD CORPS,100.0,1
4710,GENERALFORCOMMANDOFPALESTINEPOPULARLIBERATIONTHEFRONT,4710,POPULAR FRONT FOR THE LIBERATION OF PALESTINE - GENERAL COMMAND,100.0,1
46750,GEOLOGICALCOMPANYSTOCKCHUKOTKAJOINTCOMPANYMINING,46750,JOINT STOCK COMPANY CHUKOTKA MINING GEOLOGICAL COMPANY,89.90825688073394,1
47780,COMPANYRIMERALIABILITYLIMITED,45971,LIMITED LIABILITY COMPANY LEX PRIME,91.17647058823529,0
26606,GROUPLAFLORIDALLCINVESTMENTS,26606,LA FLORIDA INVESTMENTS GROUP LLC,100.0,1
48613,BIMLOGICLIMITEDCOMPANYLIABILITY,43129,LIMITED LIABILITY COMPANY SMT-ILOGIC,88.57142857142857,0
45380,GUANLANGLTDHEBEICOBIOTECHNOLOGY,45380,"HEBEI GUANLANG BIOTECHNOLOGY CO., LTD.",87.32394366197182,1
28174,BLUEDIAMONDSALOFFSHORESTAR,28174,BLUE STAR DIAMOND SAL - OFFSHORE,86.66666666666667,1
48654,TECHNOLOGIESJOINTCOMPANYSTOCKK,48654,K TECHNOLOGIES JOINT STOCK COMPANY,100.0,1
17237,ROOYANTECHPARSJAHAN,17237,JAHAN TECH ROOYAN PARS,84.44444444444444,1
49944,GRANOBYEDINENIENAUCHNOPROIZVODSTVENNOE,35855,AKTSIONERNOE OBSHCHESTVO GOSUDARSTVENNOE NAUCHNO PROIZVODSTVENNOE PREDPRIYATIE REGION,68.6842105263158,0
47287,MACIASVILLAMARJoseAdolfo,47287,"MACIAS VILLAMAR, Jose Adolfo",100.0,1
11554,UPEGUIAntonioFranciscoFLOREZ,11554,"FLOREZ UPEGUI, Francisco Antonio",83.07692307692307,1
47698,LTDANDHESENIMPORTEXPORTGUANGZHOUCO,47698,"GUANGZHOU HESEN IMPORT AND EXPORT CO., LTD",91.35802469135803,1
12696,BANKOFLANDEAST,12696,BANK OF EAST LAND,100.0,1
45026,DESIGNCOMPANYJOINTSTOCKNOVATORBUREAUEXPERIMENTAL,45026,JOINT STOCK COMPANY EXPERIMENTAL DESIGN BUREAU NOVATOR,94.54545454545455,1
50741,NAUCHNOKAISANTPROIZVODSTVENNOEOBYEDINENIELIABILITYLIMITEDCOMPANY,30412,DAY COMPANY,80.0,0
25658,ANDPRODUCTIONINDUSTRYRAWEXPLORATIONMATERIALSCOMPANYNUCLEAR,25658,NUCLEAR INDUSTRY EXPLORATION AND RAW MATERIALS PRODUCTION COMPANY,100.0,1
48800,TEKNIKLIMITEDNASIRKETIHAVACILIKVETICARET,50937,FK HK LIMITED,73.63636363636364,0
52136,NEFTOSOOGAZPROMAZIYA,52136,OSOO GAZPROM NEFT AZIYA,80.0,1
33283,BELARUSOFDEPARTMENTINVESTIGATIONSOFTHEOFFINANCIALTHECOMMITTEESTATEREPUBLICOFCONTROL,33283,DEPARTMENT OF FINANCIAL INVESTIGATIONS OF THE STATE CONTROL COMMITTEE OF THE REPUBLIC OF BELARUS,100.0,1
43070,LEADINGGRANITANDPRODUCTIONENTERPRISETECHNICAL,43070,LEADING PRODUCTION AND TECHNICAL ENTERPRISE GRANIT,100.0,1
41178,CVPRODUZIONIDEDEPECASRL,41178,"PRODUZIONI PECA, S. DE R.L. DE C.V.",73.91304347826086,0
47543,SERVICEPLATFORMCOMPANYLIMITEDLIABILITY,47543,LIMITED LIABILITY COMPANY SERVICE PLATFORM,100.0,1
51962,COMPANYLIABILITYLIMITEDPETROENGINEERING,46709,LIMITED LIABILITY COMPANY PROMELEKTRO ENGINEERING,93.47826086956522,0
51467,STOCKCOMPANYJOINTBANKSINARAPUBLIC,51836,PUBLIC JOINT STOCK COMPANY FINSTAR BANK,93.5064935064935,0
11485,PANAMADEGRUPOFALCONSA,11486,GRUPO FALCON S.A.,90.0,0
15000,MEZATRAFFICKINGDRUGFLORESORGANIZATION,15000,MEZA FLORES DRUG TRAFFICKING ORGANIZATION,100.0,1
48844,LIMITEDCOMPANYLIABILITYPROIZVODSTVENNOAPRIORIKOMPANIYATORGOVAYA,8404,T.E.G. LIMITED,74.11764705882352,0
44984,KOMPANIYALIMITEDPUTORANSKAYALIABILITYGORNAYACOMPANY,30412,DAY COMPANY,81.0,0
51541,RNLIMITEDLIABILITYCOMPANYSERVICE,51541,LIMITED LIABILITY COMPANY RN SERVICE,100.0,1
52010,COZUOFUSHANGHAILTDXUANWUSEAFREIGHT,52005,XUANWU WENQU SEA FREIGHT SHANGHAI CO LTD,86.74698795180723,0
48518,PRIBOROVAKTSIONERNOEPOLUPROVODNIKOVYKHZAVODOBSHCHESTVOBOLKHOVSKII,46521,RIF CORPORATION,64.28571428571429,0
12188,CIRCUITODEELECTRONICOCVSA,12188,CIRCUITO ELECTRONICO S.A. DE C.V.,88.13559322033898,1
50145,HIDALGOJuanPANDARESCarlos,50145,"HIDALGO PANDARES, Juan Carlos",98.24561403508771,1
45010,KOMPANIYAENERGETICHESKAYACOMPANYLIMITEDLIABILITYSEVERNAYA,45010,LIMITED LIABILITY COMPANY SEVERNAYA ENERGETICHESKAYA KOMPANIYA,83.07692307692307,1
52494,STOCKPLANTCOMPANYTENTHBEARINGJOINT,52494,JOINT STOCK COMPANY TENTH BEARING PLANT,100.0,1
34439,SALAMALTRAVELFORTOURISMDAR,34439,DAR AL SALAM FOR TRAVEL & TOURISM,100.0,1
13008,FORTIADETURISTICOSSACVDESARROLLOS,13008,"DESARROLLOS TURISTICOS FORTIA, S.A. DE C.V.",72.5,0
6823,PATINOJulioVictorFOMEQUE,6823,"PATINO FOMEQUE, Victor Julio",70.17543859649122,0
7651,OFTHEREPUBLICILIRIDAARMYOF,7651,ARMY OF THE REPUBLIC OF ILIRIDA,85.71428571428572,1
46682,LIABILITYLIMITEDPROMTEKHPOSTAVKACOMPANY,46682,LIMITED LIABILITY COMPANY PROMTEKHPOSTAVKA,80.89887640449437,1
34179,GONGCHUANGCOTECHNOLOGYLTDWUHANYUANCHENG,11282,"YUN, Cheng",78.75,0
32891,MahmoodALRashidAmurHABSI,32891,"AL HABSI, Mahmood Rashid Amur",98.24561403508771,1
45081,EbrahimAhmedALSHOFAAliAbdulnabiM,26543,"EBRAHIMI, Reza",72.0,0
51593,OILLIMITEDGARANTCOMPANYSERVICELIABILITY,51593,LIMITED LIABILITY COMPANY OIL SERVICE GARANT,87.64044943820225,1
10692,MohammadAhmedBAHAZIQMahmoud,10692,"BAHAZIQ, Mahmoud Mohammad Ahmed",83.87096774193549,1
11810,DUARTECARDENASConstanzaNorma,11810,"CARDENAS DUARTE, Norma Constanza",79.36507936507937,1
19234,DeliaLIRASOTELOAlma,19234,"LIRA SOTELO, Alma Delia",80.0,1
18822,SPRAGRICOLADETAVORL,18821,AGRICOLA BOREAL S.P.R. DE R.L.,83.33333333333334,0
21573,CONSTRUCTORASADECVVANIA,13430,CONSTRUCTORA W.L.,83.07692307692308,0
52247,OBSHCHESTVODOMINIKSOGRANICHENNOIOTVETSTVENNOSTYU,45033,OBSHCHESTVO S OGRANICHENNOI OTVETSTVENNOSTYU A1,90.10989010989012,0
50317,LIMITEDLIABILITYMINTCOMPANY,50317,LIMITED LIABILITY COMPANY MINT,100.0,1
49421,LIABILITYELGALIMITED2MININGCOMPANY,49421,LIMITED LIABILITY COMPANY ELGA MINING 2,98.73417721518987,1
50364,SIRKETIELEKTRONIKKAYRALIMITED,23413,TARA LIMITED,81.81818181818181,0
28121,VELCOMDOOBEOGRADTRADE,28121,VELCOM TRADE DOO BEOGRAD,85.71428571428572,1
44599,SERVICESANDFIDELISLOGISTICSUPPLY,44599,FIDELIS LOGISTIC AND SUPPLY SERVICES,100.0,1
50017,THERUSSIANINSTITUTIONINSTITUTETHE27STATEOFOFRESEARCHMINISTRYGOVERNMENTALOFCENTRALDEFENSEFEDERALFEDERATION,50017,FEDERAL STATE GOVERNMENTAL INSTITUTION 27 CENTRAL RESEARCH INSTITUTE OF THE MINISTRY OF DEFENSE OF THE RUSSIAN FEDERATION,100.0,1
37049,MGFLOTCOMPANYLIMITEDLIABILITY,46006,LIMITED LIABILITY COMPANY OMP,88.88888888888889,0
32179,SONSEXCHANGECOSWAIDFORAND,32179,SWAID AND SONS FOR EXCHANGE CO.,85.24590163934427,1
10626,SANCHEZBlancaAGUIRREArmida,10626,"AGUIRRE SANCHEZ, Blanca Armida",88.13559322033898,1
47890,COMPANYLIABILITYLEDAMENCOMPANYLIMTEDINTERNATIONAL,47890,INTERNATIONAL COMPANY LIMTED LIABILITY COMPANY LEDAMEN,90.09009009009009,1
28295,STEELCOIRONIRANIANGHADIR,28295,IRANIAN GHADIR IRON & STEEL CO.,80.70175438596492,1
30217,INSTITUTERASANEHGOSTARBAYAN,21248,"BITAR, Bayan",80.0,0
46714,PROMTECHNOCERTNONPROFITAUTONOMOUSANDORGANIZATIONTESTINGCERTIFICATIONCENTER,46714,AUTONOMOUS NONPROFIT ORGANIZATION TESTING AND CERTIFICATION CENTER PROMTECHNOCERT,93.90243902439023,1
42184,LIABILITYNOVELCOCOMPANYLIMITED,42184,LIMITED LIABILITY COMPANY NOVELCO,92.53731343283582,1
7308,HURTADOROMEROJairoJose,7308,"HURTADO ROMERO, Jairo Jose",100.0,1
24668,HOLDINGSTRANSINTERNATIONALBVAFRICAN,24668,AFRICAN TRANS INTERNATIONAL HOLDINGS B.V.,96.20253164556962,1
15785,LOERAVILLEGASJuanCarlos,15785,"VILLEGAS LOERA, Juan Carlos",86.79245283018868,1
36421,RUTARGETLIMITEDLIABILITYCOMPANY,36421,LIMITED LIABILITY COMPANY RUTARGET,98.55072463768117,1
37804,RESEARCHSTOCKANDMATERIALSCOMPANYINSTITUTESCIENTIFICELECTRONICJOINTOFENGINEERING,37804,JOINT STOCK COMPANY SCIENTIFIC AND RESEARCH INSTITUTE OF ELECTRONIC ENGINEERING MATERIALS,100.0,1
39165,JOINTCOMPANYELEMENTSTOCK,39165,JOINT STOCK COMPANY ELEMENT,100.0,1
10005,CANOCAGUDELOSEN,10005,CANO AGUDELO S EN C,93.33333333333333,1
51985,LIABILITYLIMITEDRIGINTELCOMPANY,49950,LIMITED LIABILITY COMPANY INTEM LAB,88.57142857142857,0
11913,NATIONALBANKGAZAOFISLAMIC,11913,ISLAMIC NATIONAL BANK OF GAZA,100.0,1
43238,ALTERNATIVALIABILITYCOMPANYLIMITED,47783,LIMITED LIABILITY COMPANY A AVERS,84.93150684931507,0
8212,STATECOMPANYALHUDAFORRELIGIOUSTOURISM,8212,AL-HUDA STATE COMPANY FOR RELIGIOUS TOURISM,89.41176470588236,1
26083,MALHAWSAWIAbdulazizMohammed,26083,"ALHAWSAWI, Abdulaziz Mohammed M.",96.2962962962963,1
39819,AEONIANCOKONGLIMITEDCOMPLEXHONG,39819,"HONG KONG AEONIAN COMPLEX CO., LIMITED",90.41095890410959,1
51139,ARSENALCOMPANY63STOCKJOINT,51139,JOINT STOCK COMPANY 63 ARSENAL,100.0,1
47652,SOBSHCHESTVO1AOGRANICHENNOIOTVETSTVENNOSTYU,45033,OBSHCHESTVO S OGRANICHENNOI OTVETSTVENNOSTYU A1,93.02325581395348,0
50015,COMPANYLIMITEDNPKLIABILITYTESART,50015,LIMITED LIABILITY COMPANY NPK TESART,86.48648648648648,1
46686,INSTITUTENONPROFITANDAUTONOMOUSOFORGANIZATIONMARINEROBOTICSINSTRUMENTATION,46686,AUTONOMOUS NONPROFIT ORGANIZATION INSTITUTE OF MARINE INSTRUMENTATION AND ROBOTICS,100.0,1
42328,COHKLIMITEDVOHOMTECHNOLOGY,42328,"VOHOM TECHNOLOGY HK CO., LIMITED",88.52459016393442,1
18087,AGCARLONSACVDE,18087,"AG & CARLON, S.A. DE C.V.",85.71428571428572,1
39319,AdonayCARIASARCHAGAYulan,25139,IYARI,72.0,0
42317,SERVICESLOGISTICSANDBUSHRABACHIRSHIPPINGLLC,42317,BUSHRA BACHIR SHIPPING AND LOGISTICS SERVICES L.L.C.,92.0,1
48658,JOINTRESEARCHANDSTOCKMCOMPLEXCOMPANYPRODUCTIONALPHA,48658,ALPHA M JOINT STOCK COMPANY RESEARCH AND PRODUCTION COMPLEX,100.0,1
17150,BASIRHAWALAHAJIANDCOMPANYZARJMIL,37483,ANDA COMPANY,81.81818181818181,0
23712,KOREASHIPPINGCOSAMJONG,19579,KOREA SAMILPO SHIPPING CO,82.35294117647058,0
48693,COMPANYYARSPETSPOSTAVKALIABILITYLIMITED,48693,LIMITED LIABILITY COMPANY YARSPETSPOSTAVKA,83.14606741573034,1
12868,AliKARIMAbdulALI,12868,"KARIM ALI, Ali Abdul",100.0,1
45047,LIMITEDCOMPANYSTATUSLIABILITYCOMPLAINS,45047,LIMITED LIABILITY COMPANY STATUS COMPLAINS,100.0,1
17025,CarlosVALLEJOMESAJuan,17025,"MESA VALLEJO, Juan Carlos",100.0,1
25760,CVDESABOUTIQUEJAFIELA,48500,ELAR,77.14285714285715,0
51766,KRONACOMPANYLIABILITYBANKLIMITED,51766,LIMITED LIABILITY COMPANY KRONA BANK,100.0,1
51175,LIMITEDSIRKETITICARETDISLOGEXLOJISTIKMASSANAYIVE,8404,T.E.G. LIMITED,74.11764705882352,0
7854,ALTIKRITIMuzahimHassanSab,7854,"AL-TIKRITI, Muzahim Sa'b Hassan",88.0,1
39148,OFPHYSICSOFTHEANDTECHNOLOGYFEDERATIONASCIENCERUSSIANACADEMYOFINSTITUTEINSTITUTIONVALIEVASTATESCIENCESKNAMEDFEDERALFINANCEDAFTER,39148,FEDERAL STATE FINANCED INSTITUTION OF SCIENCE PHYSICS AND TECHNOLOGY INSTITUTE NAMED AFTER K. A. VALIEVA OF THE RUSSIAN FEDERATION ACADEMY OF SCIENCES,97.64309764309765,1
48836,MarinFrancisPIDOUKOUAbbePasaman,48836,"PIDOUKOU, Pasaman Francis Marin Abbe",75.67567567567568,1
15226,KHAMISMohammadDeebImad,15226,"KHAMIS, Imad Mohammad Deeb",81.81818181818181,1
13028,BENGOECHEAJoseAntonioUrruticoechea,13028,"BENGOECHEA, Jose Antonio Urruticoechea",100.0,1
26468,CANADALTDSMILETECHNOLOGIES,26468,SMILE TECHNOLOGIES CANADA LTD,100.0,1
52093,EFSUPRIMIKSOSOO,52093,SUPRIM EF IKS OSOO,86.66666666666667,1
19493,INDUSTRYMINISTRYOFATOMICENERGY,19493,MINISTRY OF ATOMIC ENERGY INDUSTRY,100.0,1
10654,DESAJALSINCOMERCIALIZADORACV,46219,"BANLU COMERCIALIZADORA, S.A. DE C.V.",72.72727272727273,0
47548,BEZOPASNOSTISOTVETSTVENNOSTYUOBSHCHESTVOPRAKTICHESKOISISTEMYOGRANICHENNOI,47622,SOVTEST ATE,63.0,0
51271,AlfredNANEZNAZARETCONTRERASFreddy,51271,"NAZARET NANEZ CONTRERAS, Freddy Alfred",83.11688311688312,1
11245,CVFARMACIADESAJERLYNE,11245,"FARMACIA JERLYNE, S.A. DE C.V.",71.42857142857143,0
47817,PLANTMETALLURGICALSTOCKJOINTCOMPANYSAMARA,47817,JOINT STOCK COMPANY SAMARA METALLURGICAL PLANT,100.0,1
45256,PETROCHEMICALLLCTRADINGJEP,45256,JEP PETROCHEMICAL TRADING L.L.C,94.91525423728814,1
45059,REDMETKONTSENTRATLIMITEDCOMPANYLIABILITY,43249,LIMITED LIABILITY COMPANY TRAST KONG,83.33333333333334,0
44467,PROPERTIESJAZEERALTDPVT,44467,JAZEERA PROPERTIES PVT LTD,98.11320754716981,1
16533,AVIATIONFZESKYCOBLUE,16533,BLUE SKY AVIATION CO FZE,89.79591836734694,1
18770,ELECTRONICSSTOCKOPENCOMPANYJOINTRUSSIAN,18770,OPEN JOINT STOCK COMPANY RUSSIAN ELECTRONICS,100.0,1
48813,LIMITEDLIABILITYTRANSSTROYCOMPANY,48813,TRANSSTROY LIMITED LIABILITY COMPANY,94.5945945945946,1
32120,COMPANYBOVAEOOD,32120,VA BO COMPANY EOOD,91.89189189189189,1
50300,INDUSTRIALTECHNOLOGIESFRANCEGROUP,50300,INDUSTRIAL TECHNOLOGIES GROUP FRANCE,100.0,1
8207,HADDADBenBenAssenSalemFethi,8207,"HADDAD, Fethi Ben Assen Ben Salem",81.81818181818181,1
28182,COMPANYREALESTATEALYUMUNSAL,28182,AL YUMUN REAL ESTATE COMPANY SAL,86.15384615384616,1
10012,HYOKSINCORPORATIONKOREATRADING,20603,KOREA KUMSAN TRADING CORPORATION,84.84848484848484,0
48622,TRADECOSOURCETIANJININTERNATIONALCREATIVELTD,48622,TIANJIN CREATIVE SOURCE INTERNATIONAL TRADE CO LTD,100.0,1
15842,MORALESJairoEstuardoORELLANA,15842,"ORELLANA MORALES, Jairo Estuardo",76.92307692307692,1
52208,LIABILITYCOMPANYLIMITEDAPEKSGRUP,37671,LIMITED LIABILITY COMPANY RSB-GROUP,86.11111111111111,0
26694,MONTSERRATAlbertoJorgeARREAZA,26694,"ARREAZA MONTSERRAT, Jorge Alberto",90.9090909090909,1
40983,PLASTICMATERIALSTRADINGLLCBORDO,40983,BORDO PLASTIC MATERIALS TRADING L.L.C,98.59154929577466,1
11531,COSTILLAEduardoJorgeSANCHEZ,11531,"COSTILLA SANCHEZ, Jorge Eduardo",100.0,1
45588,PRECISIONANDRESEARCHPLANARHOLDINGSFORENGINEERINGPRODUCTION,45588,PLANAR RESEARCH AND PRODUCTION HOLDINGS FOR PRECISION ENGINEERING,100.0,1
9408,DORADOSDEEXPRESSCVAUTOSA,9408,AUTO EXPRESS DORADOS S.A. DE C.V.,89.65517241379311,1
16623,VALLEArnulfoMiguelVALLE,16623,"VALLE VALLE, Miguel Arnulfo",74.07407407407408,0
50158,NORILSKIOTVETSTVENNOSTYUOBESPECHIVAYUSHCHIKOMPLEKSOGRANICHENNOIOBSHCHESTVOS,37276,"SERANIC, Alen",65.45454545454547,0
11949,PARRAAngelSOTOMiguel,11949,"SOTO PARRA, Miguel Angel",91.66666666666666,1
45982,DAFENGCOLLCASIA,45982,DAFENG ASIA CO LLC,75.67567567567568,1
48877,MUROMCOMPANYBUREAUDESIGNSPECIALSTOCKJOINT,48877,JOINT STOCK COMPANY MUROM SPECIAL DESIGN BUREAU,96.84210526315789,1
47870,COMPANYMEKHANIKAJOINTSTOCK,48545,JOINT STOCK COMPANY MANEL,82.14285714285714,0
17122,FlorindoEleuterioFLORESHALA,17122,"FLORES HALA, Florindo Eleuterio",69.84126984126983,0
11833,PedroCASTILLOGUERREROOliveiro,11833,"GUERRERO CASTILLO, Pedro Oliveiro",87.87878787878788,1
47129,HERZALLAHANDSAMIREXCHANGEANDMONEYFORREMITTANCESBROTHERS,47129,SAMIR HERZALLAH AND BROTHERS FOR MONEY EXCHANGE AND REMITTANCES,91.33858267716536,1
37427,EXHIBITIONSARLUNITEDCOMPANYINTERNATIONAL,37427,UNITED INTERNATIONAL EXHIBITION COMPANY SARL,94.3820224719101,1
51216,ETOPLIMITEDCOELECTRONICSHK,49783,YLH ELECTRONICS HK CO LIMITED,86.66666666666667,0
11909,CAMPEROSRENTALTDAURABA,11909,RENTA CAMPEROS URABA LTDA.,63.63636363636363,0
36425,LIABILITYCOMPANYBARUSLIMITED,36425,BARUS LIMITED LIABILITY COMPANY,95.23809523809523,1
13173,AntonioFranciscoCOLORADOCESSA,13173,"COLORADO CESSA, Francisco Antonio",90.9090909090909,1
47596,PRESSANDFORGEJOINTCHELYABINSKPLANTPUBLICCOMPANYSTOCK,47596,PUBLIC JOINT STOCK COMPANY CHELYABINSK FORGE AND PRESS PLANT,100.0,1
12423,CASTILLODarioDanitDORIA,12423,"DORIA CASTILLO, Danit Dario",90.56603773584906,1
47840,HOMEBUILDERPUBLICPIKSTOCKSPECIALIZEDCOMPANYJOINT,47840,PUBLIC JOINT STOCK COMPANY PIK SPECIALIZED HOMEBUILDER,83.63636363636364,1
46849,AbdulASANNihatKadir,46849,"ASAN, Nihat Abdul Kadir",78.26086956521739,1
11701,WASHESTETICACVSADECAR,11701,ESTETICA CAR WASH S.A. DE C.V.,81.4814814814815,1
49969,LIMITEDINCSHOREBRIGHT,49969,BRIGHT SHORE INC LIMITED,100.0,1
52599,OPTICALGLASSJOINTSTOCKPLANTCOMPANYLYTKARINO,52599,JOINT STOCK COMPANY LYTKARINO OPTICAL GLASS PLANT,91.0891089108911,1
51281,FASTEIRLIABILITYLIMITEDCOMPANYINTERNESHNL,51281,LIMITED LIABILITY COMPANY FASTEIR INTERNESHNL,84.78260869565217,1
10365,CVJAMAROCONSTRUCTORESDESA,10365,JAMARO CONSTRUCTORES S.A. DE C.V.,84.0,1
10381,SALAZARCAZAREZVictorEmilio,10381,"CAZAREZ SALAZAR, Victor Emilio",83.33333333333334,1
8315,ALATRUSHMirzaUmaralWahhabAbd,7593,MIRA E.U.,75.00000000000001,0
34120,RuknooddinShaheedBHOREMohammed,6635,"OMAR, Mohammed",78.26086956521739,0
31675,OFOFOBLASTCOMMITTEEINTERNALEXECUTIVEBRESTDIRECTORATEAFFAIRSTHE,31675,DIRECTORATE OF INTERNAL AFFAIRS OF THE BREST OBLAST EXECUTIVE COMMITTEE,100.0,1
41661,CVMXDEBUSSINESCORPORATIVOSAINSIDER,41661,"CORPORATIVO BUSSINES MX INSIDER, S.A. DE C.V.",72.28915662650603,0
49997,JOINTSPECIALFORCOMPANYSTATE31DESIGNSTOCKINSTITUTECONSTRUCTION,49997,JOINT STOCK COMPANY 31 STATE DESIGN INSTITUTE FOR SPECIAL CONSTRUCTION,100.0,1
29120,LIMITEDCOMMODITIESJIANGTRADEJIAYISMALLCOMPANYZHE,29120,ZHE JIANG JIAYI SMALL COMMODITIES TRADE COMPANY LIMITED,91.89189189189189,1
40933,LIMITEDDISNAABSIRKETIKIMYATICARET,8404,T.E.G. LIMITED,74.11764705882352,0
35865,MOLOTAKTSIONERNOEZAVODELEKTROMEKHANICHESKIIOBSHCHESTVOPETROVSKII,12028,ONERBANK ZAO,65.45454545454547,0
49169,SHIPYARDBELOGORODSKAYALIMITEDLIABILITYCOMPANY,42022,LIMITED LIABILITY COMPANY DM,86.25000000000001,0
50430,COMPANYFZELIABILITYGOLIMITEDSERVICES,50430,O G SERVICES FZE LIMITED LIABILITY COMPANY,90.47619047619048,1
48906,LIMITEDBELLUGASIRKETIVEICTICARETDIS,8404,T.E.G. LIMITED,74.11764705882352,0
52262,OFARMEDPEOPLESTHE53THEMINISTRYDEPARTMENTFORCESOF,52262,DEPARTMENT 53 OF THE MINISTRY OF THE PEOPLE'S ARMED FORCES,100.0,1
51466,NEZAVISIMYIREGIONALNYIOBSHCHESTVOAKTSIONERNOEAGENTSTVOREGISTRATOR,51440,REGISTRATOR KRTS,76.15384615384616,0
7473,RIYADUSSALIKHINRECONNAISSANCESABOTAGEANDTHEMARTYRSOFCHECHENBATTALION,7473,THE RIYADUS-SALIKHIN RECONNAISSANCE AND SABOTAGE BATTALION OF CHECHEN MARTYRS,80.76923076923077,1
4108,MiguelOREJUELARODRIGUEZAngel,48500,ELAR,90.0,0
41664,RESGUARDOCVSASERVICIOSINTEGRALESVALORESDERSVIYDE,7917,INTERPAL,78.75,0
47507,PIPECOMPANYPOLYMERPLANTLIMITEDLIABILITY,47507,LIMITED LIABILITY COMPANY POLYMER PIPE PLANT,100.0,1
13346,ORDONEZAlirioHermesCASANOVA,27472,"LI, Yi",67.5,0
34957,FZEFANIOILTRADING,34957,FANI OIL TRADING FZE,82.92682926829268,1
37770,LIMITEDLIABILITYALFAINVESTCOMPANY,52193,LIMITED LIABILITY COMPANY BR INVEST,91.66666666666666,0
42204,TRANSLINEINVESTLIMITEDCOMPANYLIABILITY,47497,LIMITED LIABILITY COMPANY INVEST STANKO,87.8048780487805,0
46471,JOINTCOMPANYSTOCKALEVKURPOPEN,46009,JOINT STOCK COMPANY KREDO,78.68852459016394,0
24812,INFANTRYDIVISION33RDARMYTHEOFLIGHTBURMESE,24812,33RD LIGHT INFANTRY DIVISION OF THE BURMESE ARMY,94.84536082474226,1
52227,SNABDZHETLIABILITYCOMPANYLIMITED,52227,LIMITED LIABILITY COMPANY DZHET SNAB,90.66666666666666,1
36517,AKTSIONERNOEINZHINIRINGOVAYAOBSHCHESTVOKORPORATSIYANATSIONALNAYA,49952,AKTSIONERNOE OBSHCHESTVO KORPORATSIYA GALAKTIKA,72.22222222222221,0
46468,AliAlAbedBARAKARahman,10933,RAMAK,72.0,0
47771,COMPANYLIMITEDSERVISRIMERALIABILITY,47771,LIMITED LIABILITY COMPANY RIMERA SERVIS,85.0,1
47853,GOLDGEYSERLIABILITYLIMITEDCOMPANY,47853,LIMITED LIABILITY COMPANY GEYSER GOLD,100.0,1
51275,SIRKETIENDUSTRITICARETICONIHRACATLIMITED,8404,T.E.G. LIMITED,80.0,0
35894,COMPANYENGINEERINGJOINTPRODUCTIVESTUPINOENTERPRISESTOCK,35894,JOINT STOCK COMPANY STUPINO ENGINEERING PRODUCTIVE ENTERPRISE,93.5483870967742,1
13358,LuisGerardoCARDONAIBARRA,13358,"IBARRA CARDONA, Luis Gerardo",80.0,1
34279,ENTERPRISENEGOCIOSCOMERCIOEEIRELIMOVEISINTERMEDIACAODEDE,34279,ENTERPRISE COMERCIO DE MOVEIS E INTERMEDIACAO DE NEGOCIOS EIRELI,79.69924812030075,1
33878,DOODOLLYBEOGRADNOVIBEOGRADBELL,33878,DOLLY BELL DOO BEOGRAD-NOVI BEOGRAD,86.95652173913044,1
35890,COMPANYPMREDUCTORJOINTSTOCK,46655,OPEN JOINT STOCK COMPANY DOLTA,82.53968253968253,0
48543,MCOMPANYTREALLIMITEDLIABILITY,48543,TREAL M LIMITED LIABILITY COMPANY,95.52238805970148,1
11418,UNIDOSSELVAAEREOSTRANSPORTESSAAMAZONICA,11418,TRANSPORTES AEREOS UNIDOS SELVA AMAZONICA S.A.,76.08695652173914,1
48948,LIMITEDTRADINGHORIZONSNEW,48948,NEW HORIZONS TRADING LIMITED,100.0,1
38060,DALNEVOSTOCHNAYALIABILITYAVIAKOMPANIYAKSMCOMPANYLIMITED,49171,LKKA COMPANY LIMITED,78.75,0
40992,KAMBIZPARTNERSANDNABIZADEHEXCHANGE,40992,KAMBIZ NABIZADEH AND PARTNERS EXCHANGE,75.9493670886076,1
34538,BANKVENTUREJOINTVIETNAMRUSSIA,34538,VIETNAM-RUSSIA JOINT VENTURE BANK,80.0,1
36020,HAOKUNCOMPANYENERGYGROUPLIMITED,36020,HAOKUN ENERGY GROUP COMPANY LIMITED,98.59154929577466,1
45778,DISSIRKETILIMITEDSMARTGROUPVETICARETTECHNOLOJISTIK,8404,T.E.G. LIMITED,72.0,0
52235,LIABILITYPROIZVODSTVENNOENEVAAPPARATCOMPANYPREDPRIYATIENAUCHNOLIMITED,10495,HARA COMPANY,81.81818181818181,0
46627,LIMITEDIMAXCHIPTECHNOLOGYCO,46627,"IMAXCHIP TECHNOLOGY CO., LIMITED",85.24590163934427,1
25479,COMPANYLINESIRITALSHIPPING,25479,IRITAL SHIPPING LINES COMPANY,80.0,1
51785,STOCKCOMMERCIALFDCOMPANYJOINTURALBANK,51785,JOINT STOCK COMPANY COMMERCIAL BANK URAL FD,100.0,1
2685,MuhammadTalalRashidNAJI,2685,"NAJI, Talal Muhammad Rashid",90.56603773584906,1
18108,SANCHEZRominaSilviaCARLON,18108,"SANCHEZ CARLON, Silvia Romina",84.7457627118644,1
11607,MINESINDUSTRIESDEVELOPMENTANDORGANIZATIONANDMININGRENOVATIONIRANIAN,11607,IRANIAN MINES AND MINING INDUSTRIES DEVELOPMENT AND RENOVATION ORGANIZATION,100.0,1
45952,MFGGLOBLELIMITEDBESTOP,8404,T.E.G. LIMITED,72.0,0
10657,ALJABURIRakinThaminMishan,10657,"AL-JABURI, Mish'an Rakin Thamin",76.0,1
27446,PARSCOETEMADTEJARATE,16039,PARS MCS,75.00000000000001,0
39217,LIMITEDINTERNATIONALCOMPANYDYNASTY,39217,DYNASTY INTERNATIONAL COMPANY LIMITED,100.0,1
26861,RESOURCESSOUTHCOMPANYWEALTH,26861,SOUTH WEALTH RESOURCES COMPANY,100.0,1
46712,LIMITEDCOSEMICONDUCTORSCI,46712,C&I SEMICONDUCTORS CO LIMITED,85.71428571428572,1
29112,JAHANSIRJANCOMPLEXSTEEL,29112,SIRJAN JAHAN STEEL COMPLEX,86.79245283018868,1
34916,AneliSUNIGAIselMORFIN,37657,"RI, Sung Il",67.5,0
50552,ENGINEERINGCOMPANYAMADBEHINEHSAZ,16014,MCS ENGINEERING,79.2,0
45290,MOHAMEDKARTIAliAhmed,45290,"KARTI MOHAMED, Ali Ahmed",93.61702127659575,1
49778,OBSHCHESTVOAKTSIONERNOEDISPLEIKOMPONENT,41996,KOMPONENTA AO,77.14285714285715,0
25020,TADBIRGARANIRANIANINVESTMENTATIYEHCOMPANY,25020,TADBIRGARAN ATIYEH IRANIAN INVESTMENT COMPANY,85.36585365853658,1
45946,KOMPLEKTCOMPANYLIABILITYLEGIONLIMITED,45946,LIMITED LIABILITY COMPANY LEGION KOMPLEKT,90.47619047619048,1
40950,ENERGYFZEALBAHRALAAHMAR,40950,ALBAHR ALAAHMAR ENERGY FZE,80.0,1
28060,HOLDINGSINTERNATIONALHOTELSINVESTMENTAS,28060,INTERNATIONAL INVESTMENT HOTELS HOLDINGS A.S.,100.0,1
29066,DIVISIONSYRIANTHEFOURTHARABARMYOF,29066,FOURTH DIVISION OF THE SYRIAN ARAB ARMY,100.0,1
49162,FANKAVCOANDISHRAYAN,23279,"GAO, Yan",72.0,0
9553,PARTNERSHIPBANGKOKDESIGNLIMITEDARTIFLORA,9553,BANGKOK ARTI-FLORA DESIGN LIMITED PARTNERSHIP,84.44444444444444,1
10413,CHARITABLEGOODWILLORGANIZATIONINC,10413,"GOODWILL CHARITABLE ORGANIZATION, INC.",100.0,1
26326,VARIABLEDEANONIMALINMOCAPITALSOCIEDAD,26326,"L-INMO, SOCIEDAD ANONIMA DE CAPITAL VARIABLE",75.86206896551724,1
21904,ALOTAIBIAMohammedMubarak,21904,"ALOTAIBI, Mubarak Mohammed A",84.21052631578947,1
13405,DESERVICIOSSAVILLABONITAGASOLINERAYCV,13405,"GASOLINERA Y SERVICIOS VILLABONITA, S.A. DE C.V.",69.6629213483146,0
11616,BREYELLERCOKGGMBHTECHNOLOGYSTAHL,11616,BREYELLER STAHL TECHNOLOGY GMBH & CO. KG,82.66666666666667,1
25144,INTERNATIONALLAMAOFFSHORESALFOODS,25144,LAMA FOODS INTERNATIONAL OFFSHORE S.A.L.,100.0,1
35893,HELICOPTERCOMPLEXROSTOVPRODUCTION,35893,ROSTOV HELICOPTER PRODUCTION COMPLEX,100.0,1
45669,KamalALSHAWASharifAmer,29810,"KAMALI, Ali",78.75,0
40378,ZAMUDIOAlfonsoLERMALuis,40378,"ZAMUDIO LERMA, Luis Alfonso",81.4814814814815,1
11853,CIAJERGALJAIMESCSVYJEREZSCS,11853,JAIME JEREZ V. Y CIA. S.C.S. JERGAL S.C.S.,71.42857142857143,0
15163,ENERGYINTERTRADEPETROCOMPANY,15163,PETRO ENERGY INTERTRADE COMPANY,82.53968253968253,1
48501,AKTSIONERNOEBYURORIOPROEKTNOOBSHCHESTVOKONSTRUKTORSKOE,48644,AKTSIONERNOE OBSHCHESTVO KONSTRUKTORSKOE BYURO FARVATER,72.38095238095238,0
41257,LuisROMANEduardoFLORES,41257,"ROMAN FLORES, Luis Eduardo",100.0,1
50787,KONSTRUKTORSKOEBYUROLIMITEDCOMPANYLIABILITYVALKIRIYA,30412,DAY COMPANY,72.0,0
49492,PTELTDLINEPCB,49492,PCB LINE PTE LTD,100.0,1
51202,BHDINDUSTRIALSDNMORALABILITY,17243,INDUSTRIAL BANK,70.71428571428571,0
49177,PROIZVODSTVENNOEOBYEDINENIENAUCHNOGORIZONT,49177,NAUCHNO PROIZVODSTVENNOE OBYEDINENIE GORIZONT,83.33333333333334,1
26566,MOVAHHEDGROUPSHAHIDDANESH,26566,SHAHID MOVAHHED DANESH GROUP,76.66666666666666,1
18531,SALAHYunisMahirJawad,18531,"SALAH, Mahir Jawad Yunis",83.33333333333334,1
44089,LIMITEDLIABILITYCENTERPETROLEUMTYUMENCOMPANYRESEARCH,44089,LIMITED LIABILITY COMPANY TYUMEN PETROLEUM RESEARCH CENTER,100.0,1
25807,BMIICGENERALINTERNATIONALLLCTRADING,25807,BMIIC INTERNATIONAL GENERAL TRADING L.L.C.,93.67088607594937,1
51096,PRIVATESHARPLINELIMITEDAUTOMATION,51096,SHARPLINE AUTOMATION PRIVATE LIMITED,87.67123287671232,1
8596,AbdulMUHAMADABBAKARAziz,22077,"SA'DU, Muhammad",75.00000000000001,0
46510,EQUIPMENTSPARETRADINGSAANDLLCPARTSMACHINERYTHEAVY,46510,A T S HEAVY EQUIPMENT AND MACHINERY SPARE PARTS TRADING LLC,100.0,1
35324,LIABILITYINVESTMENTSNEMCHINOVOCOMPANYLIMITED,35324,LIMITED LIABILITY COMPANY NEMCHINOVO INVESTMENTS,91.83673469387756,1
48740,COMPANYGROUPPUBLICSTOCKASTRAJOINT,48740,PUBLIC JOINT STOCK COMPANY ASTRA GROUP,100.0,1
48435,AKTSIONERNOEOBSHCHESTVOKONSTRUKTORSKOEBYUROAPPARATOSTROENIYATSENTRALNOE,47743,AKTSIONERNOE OBSHCHESTVO KONSALT,86.89655172413794,0
50170,OOOSEKYURITISERVISISDIDZHITAL,20287,OOO 'DSK',75.00000000000001,0
51462,AKTSIONERNOEOBSHCHESTVOREGISTRATORKAPITAL,51462,AKTSIONERNOE OBSHCHESTVO REGISTRATOR KAPITAL,100.0,1
50890,FORTHEINSTITUTESCIENCESRUSSIANACADEMYPROGRAMMINGOFOFSYSTEM,50890,INSTITUTE FOR SYSTEM PROGRAMMING OF THE RUSSIAN ACADEMY OF SCIENCES,100.0,1
26210,RIMIINEWGROUPPROPERTIESCORPYORKOF,26210,RIM GROUP PROPERTIES OF NEW YORK II CORP.,100.0,1
41487,KTHSROGROUPSPOL,41487,KTH GROUP SPOL SRO,80.0,1
49537,TERSANECILIKGEMISANAYISIRKETITICARETLIMITEDBULUTLAR,23417,S-CAPE LIMITED,75.00000000000001,0
18553,COMPANYINVESTMENTANDEKODEVELOPMENT,18553,EKO DEVELOPMENT AND INVESTMENT COMPANY,93.5064935064935,1
49507,PLANTENTERPRISEUNITARYPRODUCTIONSVT,49507,PRODUCTION UNITARY ENTERPRISE PLANT SVT,100.0,1
39157,JOINTSTOCKRESEARCHANDDEVELOPMENTENTERPRISECOMPANYRADIOSVYAZ,39157,JOINT STOCK COMPANY RESEARCH AND DEVELOPMENT ENTERPRISE RADIOSVYAZ,91.04477611940298,1
9407,FINASNORTESSASANIGNACIODECVCARNESDEL,9407,DEL NORTES CARNES FINAS SAN IGNACIO S.A. DE C.V.,78.65168539325843,1
52236,LIMITEDLIABILITYCOMPANYVELOKS,52236,LIMITED LIABILITY COMPANY VELOKS,100.0,1
31193,AbdALGHAMARIMuhammadAlKarim,31193,"AL-GHAMARI, Muhammad Abd Al-Karim",88.88888888888889,1
43248,LIABILITYLIMITEDCOMPANYIKMENEDZHMENT,47930,LIMITED LIABILITY COMPANY ELIKS M,81.57894736842105,0
40741,MOUSAHeidariMohammadSadegh,15557,"MINA'I, Mohammad",76.15384615384616,0
22248,ArcadioJesusdeROSALESDELGADO,22248,"DELGADO ROSALES, Arcadio de Jesus",89.23076923076923,1
49449,BIZNESJOINTPROYEKTCOMPANYSTOCK,49449,JOINT STOCK COMPANY BIZNES PROYEKT,76.05633802816901,1
18739,LEASINGSTOCKVTBCOMPANYJOINT,18739,VTB LEASING JOINT STOCK COMPANY,95.23809523809523,1
48845,EVOLLIMITEDSIRKETIGROUPTRYAZILIM,49700,RELAN LIMITED,70.43478260869566,0
15140,LIMITEDSHIPPINGCOMPANYSINA,47804,ELIXON SHIPPING COMPANY LIMITED,87.09677419354838,0
26654,BAYINCORPORATEDSHIPPINGBALLITO,26654,BALLITO BAY SHIPPING INCORPORATED,88.23529411764706,1
16210,RIOSJuanitaCarmenHERNANDEZDel,16210,"RIOS HERNANDEZ, Juanita Del Carmen",100.0,1
36057,PUBLICJOINTNEVSKOECOMPANYDESIGNBUREAUSTOCK,36057,JOINT PUBLIC STOCK COMPANY NEVSKOE DESIGN BUREAU,89.79591836734694,1
